"","studyid","species","phenovalue","yr1981","year"
"1","HMK035","Acartia hudsonica",225.074,-30,1951
"2","HMK035","Acartia hudsonica",210.966,-8,1973
"3","HMK035","Acartia hudsonica",192.231,-5,1976
"4","HMK035","Acartia hudsonica",185.721,19,2000
"5","HMK035","Acartia hudsonica",184.835,20,2001
"6","HMK035","Acartia hudsonica",169.546,21,2002
"7","HMK035","Acartia hudsonica",196.668,22,2003
"8","HMK035","Acartia hudsonica",183.075,23,2004
"9","EMW001","Acartia tonsa",154.875,-30,1951
"10","EMW001","Acartia tonsa",176,-9,1972
"11","EMW001","Acartia tonsa",173.083,-8,1973
"12","EMW001","Acartia tonsa",178.875,-5,1976
"13","EMW001","Acartia tonsa",177.875,2,1983
"14","EMW001","Acartia tonsa",169.25,21,2002
"15","HMK048","Accipiter nisus",85.0816,4,1985
"19","HMK048","Accipiter nisus",84.4399,5,1986
"23","HMK048","Accipiter nisus",81.1664,6,1987
"27","HMK048","Accipiter nisus",80.5268,7,1988
"31","HMK048","Accipiter nisus",74.2925,8,1989
"35","HMK048","Accipiter nisus",79.5703,9,1990
"39","HMK048","Accipiter nisus",79.2758,11,1992
"43","HMK048","Accipiter nisus",82.3036,15,1996
"47","HMK048","Accipiter nisus",79.6861,16,1997
"51","HMK048","Accipiter nisus",81.3492,17,1998
"55","HMK048","Accipiter nisus",78.4026,18,1999
"59","HMK048","Accipiter nisus",80.3948,19,2000
"63","HMK048","Accipiter nisus",82.7138,20,2001
"67","HMK048","Accipiter nisus",85.3619,21,2002
"71","HMK048","Accipiter nisus",87.683,22,2003
"75","HMK048","Accipiter nisus",81.4487,23,2004
"79","HMK042","Acrocephalus arundinaceus",137.748,0,1973
"80","HMK042","Acrocephalus arundinaceus",136.192,0,1974
"81","HMK042","Acrocephalus arundinaceus",133.863,0,1975
"82","HMK042","Acrocephalus arundinaceus",133.848,0,1976
"83","HMK042","Acrocephalus arundinaceus",127.272,0,1977
"84","HMK042","Acrocephalus arundinaceus",132.278,0,1978
"85","HMK042","Acrocephalus arundinaceus",139.214,0,1979
"86","HMK042","Acrocephalus arundinaceus",138.431,0,1980
"87","HMK042","Acrocephalus arundinaceus",133.783,0,1981
"88","HMK042","Acrocephalus arundinaceus",133,1,1982
"89","HMK042","Acrocephalus arundinaceus",134.131,3,1984
"90","HMK042","Acrocephalus arundinaceus",137.981,4,1985
"91","HMK042","Acrocephalus arundinaceus",136.035,5,1986
"92","HMK042","Acrocephalus arundinaceus",136.023,6,1987
"93","HMK042","Acrocephalus arundinaceus",131.377,7,1988
"94","HMK042","Acrocephalus arundinaceus",135.611,8,1989
"95","HMK042","Acrocephalus arundinaceus",132.122,9,1990
"96","HMK042","Acrocephalus arundinaceus",141.377,10,1991
"97","HMK042","Acrocephalus arundinaceus",134.027,11,1992
"98","HMK042","Acrocephalus arundinaceus",132.083,12,1993
"99","HMK042","Acrocephalus arundinaceus",127.825,13,1994
"100","HMK042","Acrocephalus arundinaceus",129.741,14,1995
"101","HMK042","Acrocephalus arundinaceus",140.926,15,1996
"102","HMK042","Acrocephalus arundinaceus",130.875,16,1997
"103","HMK042","Acrocephalus arundinaceus",131.247,17,1998
"104","HMK042","Acrocephalus arundinaceus",134.71,18,1999
"105","HMK042","Acrocephalus arundinaceus",131.605,19,2000
"106","HMK042","Acrocephalus arundinaceus",126.961,20,2001
"107","HMK042","Acrocephalus arundinaceus",133.499,22,2003
"108","HMK042","Acrocephalus scirpaceus",148.163,0,1973
"109","HMK042","Acrocephalus scirpaceus",142.278,0,1974
"110","HMK042","Acrocephalus scirpaceus",143.832,0,1975
"111","HMK042","Acrocephalus scirpaceus",144.21,0,1976
"112","HMK042","Acrocephalus scirpaceus",141.847,0,1977
"113","HMK042","Acrocephalus scirpaceus",138.704,0,1978
"114","HMK042","Acrocephalus scirpaceus",146.127,0,1979
"115","HMK042","Acrocephalus scirpaceus",140.243,0,1980
"116","HMK042","Acrocephalus scirpaceus",136.708,0,1981
"117","HMK042","Acrocephalus scirpaceus",141.002,1,1982
"118","HMK042","Acrocephalus scirpaceus",144.886,3,1984
"119","HMK042","Acrocephalus scirpaceus",142.134,4,1985
"120","HMK042","Acrocephalus scirpaceus",141.729,5,1986
"121","HMK042","Acrocephalus scirpaceus",146.804,6,1987
"122","HMK042","Acrocephalus scirpaceus",137.01,7,1988
"123","HMK042","Acrocephalus scirpaceus",140.517,8,1989
"124","HMK042","Acrocephalus scirpaceus",136.981,9,1990
"125","HMK042","Acrocephalus scirpaceus",145.185,10,1991
"126","HMK042","Acrocephalus scirpaceus",138.521,11,1992
"127","HMK042","Acrocephalus scirpaceus",136.552,12,1993
"128","HMK042","Acrocephalus scirpaceus",133.408,13,1994
"129","HMK042","Acrocephalus scirpaceus",138.873,14,1995
"130","HMK042","Acrocephalus scirpaceus",145.121,15,1996
"131","HMK042","Acrocephalus scirpaceus",140.021,16,1997
"132","HMK042","Acrocephalus scirpaceus",139.615,17,1998
"133","HMK042","Acrocephalus scirpaceus",138.821,18,1999
"134","HMK042","Acrocephalus scirpaceus",130.981,19,2000
"135","HMK042","Acrocephalus scirpaceus",121.577,20,2001
"136","HMK042","Acrocephalus scirpaceus",127.42,22,2003
"137","SET005","Alca torda",176.5561,2,1983
"138","SET005","Alca torda",175.8386,3,1984
"139","SET005","Alca torda",173.5366,4,1985
"140","SET005","Alca torda",178.1077,5,1986
"141","SET005","Alca torda",173.6529,6,1987
"142","SET005","Alca torda",172.4872,7,1988
"143","SET005","Alca torda",169.0077,8,1989
"144","SET005","Alca torda",173.5089,9,1990
"145","SET005","Alca torda",172.0553,10,1991
"146","SET005","Alca torda",169.7929,11,1992
"147","SET005","Alca torda",172.3492,12,1993
"148","SET005","Alca torda",177.191,13,1994
"149","SET005","Alca torda",177.3347,14,1995
"150","SET005","Alca torda",184.1898,15,1996
"151","SET005","Alca torda",168.656,16,1997
"152","SET005","Alca torda",179.9814,17,1998
"153","SET005","Alca torda",177.1558,18,1999
"154","SET005","Alca torda",175.6529,19,2000
"155","SET005","Alca torda",176.4672,20,2001
"156","SET005","Alca torda",172.767,21,2002
"157","SET005","Alca torda",171.5128,22,2003
"158","SET005","Alca torda",181.9512,23,2004
"159","SET005","Alca torda",181.2529,24,2005
"160","SET005","Alca torda",179.6053,25,2006
"161","SET005","Ammodytes marinus",151.633,2,1983
"166","SET005","Ammodytes marinus",140.454,3,1984
"171","SET005","Ammodytes marinus",150.152,4,1985
"176","SET005","Ammodytes marinus",165.8,5,1986
"181","SET005","Ammodytes marinus",158.576,6,1987
"186","SET005","Ammodytes marinus",162.641,7,1988
"191","SET005","Ammodytes marinus",148.7,8,1989
"196","SET005","Ammodytes marinus",146.432,9,1990
"201","SET005","Ammodytes marinus",156.363,10,1991
"206","SET005","Ammodytes marinus",154.716,11,1992
"211","SET005","Ammodytes marinus",162.503,12,1993
"216","SET005","Ammodytes marinus",165.191,13,1994
"221","SET005","Ammodytes marinus",177.027,14,1995
"226","SET005","Ammodytes marinus",162.036,15,1996
"231","SET005","Ammodytes marinus",136.656,16,1997
"236","SET005","Ammodytes marinus",171.366,17,1998
"241","SET005","Ammodytes marinus",171.002,18,1999
"246","SET005","Ammodytes marinus",144.576,19,2000
"251","SET005","Ammodytes marinus",157.698,20,2001
"256","SET005","Ammodytes marinus",160.767,21,2002
"261","SET005","Ammodytes marinus",165.359,22,2003
"266","SET005","Ammodytes marinus",215.182,23,2004
"271","SET005","Ammodytes marinus",182.176,24,2005
"276","SET005","Ammodytes marinus",187.913,25,2006
"281","HMK032","Asterionella spp.",139.8299,0,1956
"282","HMK032","Asterionella spp.",139.8397,0,1958
"283","HMK032","Asterionella spp.",140.0924,0,1959
"284","HMK032","Asterionella spp.",147.0287,0,1961
"285","HMK032","Asterionella spp.",133.1806,0,1962
"286","HMK032","Asterionella spp.",153.9692,0,1964
"287","HMK032","Asterionella spp.",140.1225,0,1965
"288","HMK032","Asterionella spp.",147.0525,0,1966
"289","HMK032","Asterionella spp.",126.0336,0,1967
"290","HMK032","Asterionella spp.",147.0672,0,1969
"291","HMK032","Asterionella spp.",140.1477,0,1970
"292","HMK032","Asterionella spp.",146.8285,0,1971
"293","HMK032","Asterionella spp.",147.336,0,1973
"294","HMK032","Asterionella spp.",154.0175,0,1974
"295","HMK032","Asterionella spp.",132.9986,0,1975
"296","HMK032","Asterionella spp.",147.3549,0,1977
"297","HMK032","Asterionella spp.",111.9867,0,1978
"298","HMK032","Asterionella spp.",125.8495,0,1980
"299","HMK032","Asterionella spp.",111.7606,1,1982
"300","HMK032","Asterionella spp.",133.0427,3,1984
"301","HMK032","Asterionella spp.",139.9734,4,1985
"302","HMK032","Asterionella spp.",154.3248,5,1986
"303","HMK032","Asterionella spp.",140.231,6,1987
"304","HMK032","Asterionella spp.",118.9643,7,1988
"305","HMK032","Asterionella spp.",133.315,8,1989
"306","HMK032","Asterionella spp.",126.147,9,1990
"307","HMK043","Beroe gracilis",166.5244,-5,1976
"308","HMK043","Beroe gracilis",185.6869,-3,1978
"309","HMK043","Beroe gracilis",186.9294,-2,1979
"310","HMK043","Beroe gracilis",172.5108,0,1981
"311","HMK043","Beroe gracilis",174.713,1,1982
"312","HMK043","Beroe gracilis",170.66,2,1983
"313","HMK043","Beroe gracilis",187.586,3,1984
"314","HMK043","Beroe gracilis",189.8225,4,1985
"315","HMK043","Beroe gracilis",210.9492,5,1986
"316","HMK043","Beroe gracilis",135.4766,6,1987
"317","HMK043","Beroe gracilis",144.0026,7,1988
"318","HMK043","Beroe gracilis",127.3475,8,1989
"319","HMK043","Beroe gracilis",123.2945,9,1990
"320","HMK043","Beroe gracilis",175.9359,10,1991
"321","HMK043","Beroe gracilis",138.2339,11,1992
"322","HMK043","Beroe gracilis",182.4746,12,1993
"323","HMK043","Beroe gracilis",109.1139,13,1994
"324","HMK043","Beroe gracilis",161.7441,14,1995
"325","HMK043","Beroe gracilis",220.6631,15,1996
"326","HMK043","Beroe gracilis",233.4234,16,1997
"327","HMK043","Beroe gracilis",155.8396,17,1998
"328","HMK043","Beroe gracilis",134.9614,18,1999
"329","HMK043","Beroe gracilis",156.0888,19,2000
"330","HMK043","Beroe gracilis",204.5295,20,2001
"331","HMK043","Beroe gracilis",154.2485,21,2002
"332","HMK043","Beroe gracilis",160.6738,22,2003
"333","HMK043","Beroe gracilis",154.532,23,2004
"334","HMK023","Bombus spp.",115.5,18,1999
"335","HMK023","Bombus spp.",121,19,2000
"336","HMK023","Bombus spp.",116,20,2001
"337","HMK023","Bombus spp.",111,21,2002
"338","HMK023","Bombus spp.",115,22,2003
"339","HMK023","Bombus spp.",116,23,2004
"340","HMK023","Bombus spp.",121,24,2005
"341","HMK023","Bombus spp.",120.5,25,2006
"342","HMK023","Bombus spp.",115,26,2007
"343","HMK023","Bombus spp.",114,27,2008
"344","HMK023","Bombus spp.",116.5,28,2009
"345","HMK023","Bombus spp.",116,29,2010
"346","HMK023","Bombus spp.",124.5,30,2011
"347","HMK023","Bombus spp.",123,31,2012
"348","HMK008","Castilleja tenuiflora",105.7056,3,1984
"349","HMK008","Castilleja tenuiflora",124.386,4,1985
"350","HMK008","Castilleja tenuiflora",81.53372,5,1986
"351","HMK008","Castilleja tenuiflora",110.7054,6,1987
"352","HMK008","Castilleja tenuiflora",109.9014,7,1988
"353","HMK008","Castilleja tenuiflora",125.3521,8,1989
"354","HMK008","Castilleja tenuiflora",110.7233,10,1991
"355","HMK008","Castilleja tenuiflora",116.1188,11,1992
"356","HMK008","Castilleja tenuiflora",117.1447,12,1993
"357","HMK008","Castilleja tenuiflora",87.76914,13,1994
"358","HMK008","Castilleja tenuiflora",97.9382,14,1995
"359","HMK008","Castilleja tenuiflora",130.9093,16,1997
"360","HMK008","Castilleja tenuiflora",143.1043,18,1999
"361","HMK008","Castilleja tenuiflora",124.7273,20,2001
"362","HMK008","Castilleja tenuiflora",102.1519,22,2003
"363","HMK008","Castilleja tenuiflora",114.1644,26,2007
"364","HMK008","Castilleja tenuiflora",106.7565,27,2008
"365","HMK008","Castilleja tenuiflora",111.4213,28,2009
"366","HMK008","Castilleja tenuiflora",109.1358,29,2010
"367","HMK027","Caterpillar_a spp.",105.172,0,1961
"368","HMK027","Caterpillar_a spp.",121.983,0,1963
"369","HMK027","Caterpillar_a spp.",121.983,0,1964
"370","HMK027","Caterpillar_a spp.",128.707,0,1965
"371","HMK027","Caterpillar_a spp.",119.655,0,1967
"372","HMK027","Caterpillar_a spp.",118.621,0,1968
"373","HMK027","Caterpillar_a spp.",124.828,0,1969
"374","HMK027","Caterpillar_a spp.",125.086,0,1970
"375","HMK027","Caterpillar_a spp.",117.845,0,1972
"376","HMK027","Caterpillar_a spp.",120.69,0,1973
"377","HMK027","Caterpillar_a spp.",102.328,0,1974
"378","HMK027","Caterpillar_a spp.",123.793,0,1975
"379","HMK027","Caterpillar_a spp.",122.5,0,1976
"380","HMK027","Caterpillar_a spp.",119.655,0,1977
"381","HMK027","Caterpillar_a spp.",126.897,0,1978
"382","HMK027","Caterpillar_a spp.",124.569,0,1979
"383","HMK027","Caterpillar_a spp.",132.845,0,1980
"384","HMK027","Caterpillar_a spp.",117.845,0,1981
"385","HMK027","Caterpillar_a spp.",124.828,1,1982
"386","HMK027","Caterpillar_a spp.",118.103,2,1983
"387","HMK027","Caterpillar_a spp.",122.759,3,1984
"388","HMK027","Caterpillar_a spp.",124.052,4,1985
"389","HMK027","Caterpillar_a spp.",120.431,5,1986
"390","HMK027","Caterpillar_a spp.",118.621,7,1988
"391","HMK027","Caterpillar_a spp.",107.5,8,1989
"392","HMK027","Caterpillar_a spp.",108.276,9,1990
"393","HMK027","Caterpillar_a spp.",118.362,10,1991
"394","HMK027","Caterpillar_a spp.",119.138,12,1993
"395","HMK027","Caterpillar_a spp.",111.897,13,1994
"396","HMK027","Caterpillar_a spp.",118.621,14,1995
"397","HMK027","Caterpillar_a spp.",123.017,16,1997
"398","HMK027","Caterpillar_a spp.",109.31,18,1999
"399","HMK027","Caterpillar_a spp.",114.741,19,2000
"400","HMK027","Caterpillar_a spp.",106.983,21,2002
"401","HMK027","Caterpillar_a spp.",116.293,22,2003
"402","HMK027","Caterpillar_a spp.",115.5175,23,2004
"403","HMK027","Caterpillar_b spp.",123.017,0,1962
"404","HMK027","Caterpillar_b spp.",128.707,0,1965
"405","HMK027","Caterpillar_b spp.",119.138,0,1966
"406","HMK027","Caterpillar_b spp.",118.621,0,1968
"407","HMK027","Caterpillar_b spp.",124.828,0,1969
"408","HMK027","Caterpillar_b spp.",125.086,0,1970
"409","HMK027","Caterpillar_b spp.",119.655,0,1971
"410","HMK027","Caterpillar_b spp.",117.845,0,1972
"411","HMK027","Caterpillar_b spp.",120.69,0,1973
"412","HMK027","Caterpillar_b spp.",102.328,0,1974
"413","HMK027","Caterpillar_b spp.",123.793,0,1975
"414","HMK027","Caterpillar_b spp.",122.5,0,1976
"415","HMK027","Caterpillar_b spp.",119.655,0,1977
"416","HMK027","Caterpillar_b spp.",126.897,0,1978
"417","HMK027","Caterpillar_b spp.",132.845,0,1980
"418","HMK027","Caterpillar_b spp.",117.845,0,1981
"419","HMK027","Caterpillar_b spp.",124.828,1,1982
"420","HMK027","Caterpillar_b spp.",118.103,2,1983
"421","HMK027","Caterpillar_b spp.",122.759,3,1984
"422","HMK027","Caterpillar_b spp.",120.431,5,1986
"423","HMK027","Caterpillar_b spp.",118.621,7,1988
"424","HMK027","Caterpillar_b spp.",107.5,8,1989
"425","HMK027","Caterpillar_b spp.",108.276,9,1990
"426","HMK027","Caterpillar_b spp.",118.362,10,1991
"427","HMK027","Caterpillar_b spp.",111.897,13,1994
"428","HMK027","Caterpillar_b spp.",118.621,14,1995
"429","HMK027","Caterpillar_b spp.",123.017,16,1997
"430","HMK027","Caterpillar_b spp.",115.776,17,1998
"431","HMK027","Caterpillar_b spp.",114.741,19,2000
"432","HMK027","Caterpillar_b spp.",114.224,20,2001
"433","HMK027","Caterpillar_b spp.",106.983,21,2002
"434","HMK027","Caterpillar_b spp.",116.293,22,2003
"435","HMK027","Caterpillar_b spp.",115.5175,23,2004
"436","HMK027","Caterpillar_b spp.",118.103,25,2006
"437","HMK027","Caterpillar_c spp.",105.172,0,1961
"438","HMK027","Caterpillar_c spp.",123.017,0,1962
"439","HMK027","Caterpillar_c spp.",121.983,0,1964
"440","HMK027","Caterpillar_c spp.",128.707,0,1965
"441","HMK027","Caterpillar_c spp.",118.621,0,1968
"442","HMK027","Caterpillar_c spp.",125.086,0,1970
"443","HMK027","Caterpillar_c spp.",119.655,0,1971
"444","HMK027","Caterpillar_c spp.",117.845,0,1972
"445","HMK027","Caterpillar_c spp.",120.69,0,1973
"446","HMK027","Caterpillar_c spp.",102.328,0,1974
"447","HMK027","Caterpillar_c spp.",123.793,0,1975
"448","HMK027","Caterpillar_c spp.",122.5,0,1976
"449","HMK027","Caterpillar_c spp.",119.655,0,1977
"450","HMK027","Caterpillar_c spp.",126.897,0,1978
"451","HMK027","Caterpillar_c spp.",124.569,0,1979
"452","HMK027","Caterpillar_c spp.",132.845,0,1980
"453","HMK027","Caterpillar_c spp.",117.845,0,1981
"454","HMK027","Caterpillar_c spp.",124.828,1,1982
"455","HMK027","Caterpillar_c spp.",118.103,2,1983
"456","HMK027","Caterpillar_c spp.",122.759,3,1984
"457","HMK027","Caterpillar_c spp.",120.431,5,1986
"458","HMK027","Caterpillar_c spp.",118.621,7,1988
"459","HMK027","Caterpillar_c spp.",107.5,8,1989
"460","HMK027","Caterpillar_c spp.",118.362,10,1991
"461","HMK027","Caterpillar_c spp.",119.138,12,1993
"462","HMK027","Caterpillar_c spp.",111.897,13,1994
"463","HMK027","Caterpillar_c spp.",118.621,14,1995
"464","HMK027","Caterpillar_c spp.",123.017,16,1997
"465","HMK027","Caterpillar_c spp.",115.776,17,1998
"466","HMK027","Caterpillar_c spp.",114.741,19,2000
"467","HMK027","Caterpillar_c spp.",106.983,21,2002
"468","HMK027","Caterpillar_c spp.",115.5175,23,2004
"469","HMK027","Caterpillar_c spp.",118.103,25,2006
"470","HMK027","Caterpillar_c spp.",106.724,26,2007
"471","HMK048","Caterpillar2 spp.",49.0541,7,1988
"472","HMK048","Caterpillar2 spp.",50.0676,8,1989
"473","HMK048","Caterpillar2 spp.",50.7432,9,1990
"474","HMK048","Caterpillar2 spp.",57.1622,11,1992
"475","HMK048","Caterpillar2 spp.",45,12,1993
"476","HMK048","Caterpillar2 spp.",49.3919,13,1994
"477","HMK048","Caterpillar2 spp.",51.7568,14,1995
"478","HMK048","Caterpillar2 spp.",60.8784,15,1996
"479","HMK048","Caterpillar2 spp.",51.4189,16,1997
"480","HMK048","Caterpillar2 spp.",45.6757,17,1998
"481","HMK048","Caterpillar2 spp.",44.3243,18,1999
"482","HMK048","Caterpillar2 spp.",40.2703,19,2000
"483","HMK048","Caterpillar2 spp.",50.0676,20,2001
"484","HMK048","Caterpillar2 spp.",49.7297,21,2002
"485","HMK048","Caterpillar2 spp.",45.3378,22,2003
"486","HMK048","Caterpillar2 spp.",46.3514,23,2004
"487","HMK048","Caterpillar2 spp.",42.973,24,2005
"488","HMK048","Caterpillar2a spp.",60.2027,4,1985
"492","HMK048","Caterpillar2a spp.",65.2703,5,1986
"496","HMK048","Caterpillar2a spp.",61.8919,6,1987
"500","HMK048","Caterpillar2a spp.",49.0541,7,1988
"504","HMK048","Caterpillar2a spp.",50.0676,8,1989
"508","HMK048","Caterpillar2a spp.",50.7432,9,1990
"512","HMK048","Caterpillar2a spp.",57.1622,11,1992
"516","HMK048","Caterpillar2a spp.",45,12,1993
"520","HMK048","Caterpillar2a spp.",49.3919,13,1994
"524","HMK048","Caterpillar2a spp.",51.7568,14,1995
"527","HMK048","Caterpillar2a spp.",60.8784,15,1996
"531","HMK048","Caterpillar2a spp.",51.4189,16,1997
"535","HMK048","Caterpillar2a spp.",45.6757,17,1998
"539","HMK048","Caterpillar2a spp.",44.3243,18,1999
"543","HMK048","Caterpillar2a spp.",40.2703,19,2000
"547","HMK048","Caterpillar2a spp.",50.0676,20,2001
"551","HMK048","Caterpillar2a spp.",49.7297,21,2002
"555","HMK048","Caterpillar2a spp.",45.3378,22,2003
"559","HMK048","Caterpillar2a spp.",46.3514,23,2004
"563","HMK048","Caterpillar2a spp.",42.973,24,2005
"567","HMK051","Caterpillar4a spp.",88.6245,15,1996
"568","HMK051","Caterpillar4a spp.",100.987,16,1997
"569","HMK051","Caterpillar4a spp.",86.7986,17,1998
"570","HMK051","Caterpillar4a spp.",78.3426,18,1999
"571","HMK051","Caterpillar4a spp.",75.6193,19,2000
"572","HMK051","Caterpillar4a spp.",90.6977,20,2001
"573","HMK051","Caterpillar4a spp.",73.795,21,2002
"574","HMK051","Caterpillar4a spp.",78.9173,22,2003
"575","HMK051","Caterpillar4a spp.",70.4597,23,2004
"576","HMK051","Caterpillar4a spp.",84.6346,24,2005
"577","HMK051","Caterpillar4a spp.",76.782,25,2006
"578","HMK051","Caterpillar4a spp.",75.5673,26,2007
"579","HMK051","Caterpillar4a spp.",80.6889,27,2008
"580","HMK051","Caterpillar4a spp.",78.2681,28,2009
"581","HMK051","Caterpillar4a spp.",77.6569,29,2010
"582","HMK051","Caterpillar4a spp.",76.744,30,2011
"583","HMK051","Caterpillar4b spp.",86.7986,17,1998
"584","HMK051","Caterpillar4b spp.",78.3426,18,1999
"585","HMK051","Caterpillar4b spp.",75.6193,19,2000
"586","HMK051","Caterpillar4b spp.",90.6977,20,2001
"587","HMK051","Caterpillar4b spp.",73.795,21,2002
"588","HMK051","Caterpillar4b spp.",78.9173,22,2003
"589","HMK051","Caterpillar4b spp.",70.4597,23,2004
"590","HMK051","Caterpillar4b spp.",84.6346,24,2005
"591","HMK051","Caterpillar4b spp.",76.782,25,2006
"592","HMK051","Caterpillar4b spp.",75.5673,26,2007
"593","HMK051","Caterpillar4b spp.",80.6889,27,2008
"594","HMK051","Caterpillar4b spp.",78.2681,28,2009
"595","HMK051","Caterpillar4b spp.",77.6569,29,2010
"596","HMK051","Caterpillar4b spp.",76.744,30,2011
"597","HMK016","Cerorhinca monocerata",143.258,12,1993
"598","HMK016","Cerorhinca monocerata",139.568,14,1995
"599","HMK016","Cerorhinca monocerata",147.521,15,1996
"600","HMK016","Cerorhinca monocerata",153.142,16,1997
"601","HMK016","Cerorhinca monocerata",145.695,17,1998
"602","HMK016","Cerorhinca monocerata",155.515,18,1999
"603","HMK016","Cerorhinca monocerata",149.935,19,2000
"604","HMK016","Cerorhinca monocerata",156.489,20,2001
"605","HMK016","Cerorhinca monocerata",136.909,21,2002
"606","HMK016","Cerorhinca monocerata",149.105,24,2005
"607","HMK016","Cerorhinca monocerata",153.321,25,2006
"608","HMK052","Clamator glandarius",19.5,24,2005
"609","HMK052","Clamator glandarius",19,25,2006
"610","HMK052","Clamator glandarius",30,26,2007
"611","HMK052","Clamator glandarius",30,27,2008
"612","HMK052","Clamator glandarius",27,28,2009
"613","HMK052","Clamator glandarius",25,29,2010
"614","HMK052","Clamator glandarius",19,30,2011
"615","HMK052","Clamator glandarius",21,31,2012
"616","HMK052","Clamator glandarius",29,32,2013
"617","HMK036","Copepod1 spp.",125.5891,0,1975
"618","HMK036","Copepod1 spp.",118.188,0,1976
"619","HMK036","Copepod1 spp.",132.5079,0,1977
"620","HMK036","Copepod1 spp.",111.8684,0,1978
"621","HMK036","Copepod1 spp.",139.9566,0,1979
"622","HMK036","Copepod1 spp.",104.4869,0,1980
"623","HMK036","Copepod1 spp.",132.58,0,1981
"624","HMK036","Copepod1 spp.",97.6353,1,1982
"625","HMK036","Copepod1 spp.",118.8369,2,1983
"626","HMK036","Copepod1 spp.",105.0868,3,1984
"627","HMK036","Copepod1 spp.",125.7606,4,1985
"628","HMK036","Copepod1 spp.",153.3245,5,1986
"629","HMK036","Copepod1 spp.",133.2121,6,1987
"630","HMK036","Copepod1 spp.",118.9342,7,1988
"631","HMK036","Copepod1 spp.",126.3626,8,1989
"632","HMK036","Copepod1 spp.",98.3045,9,1990
"633","HMK036","Copepod1 spp.",112.0952,10,1991
"634","HMK036","Copepod1 spp.",90.923,11,1992
"635","HMK036","Copepod1 spp.",112.1295,12,1993
"636","HMK036","Copepod1 spp.",112.147,13,1994
"637","HMK036","Copepod1 spp.",104.7508,14,1995
"638","HMK036","Copepod1 spp.",132.8439,15,1996
"639","HMK036","Copepod1 spp.",91.0098,16,1997
"640","HMK036","Copepod1 spp.",105.3325,17,1998
"641","HMK036","Copepod1 spp.",112.2366,18,1999
"642","HMK036","Copepod1 spp.",105.3703,19,2000
"643","HMK036","Copepod1 spp.",126.042,20,2001
"644","HMK036","Copepod1 spp.",84.2107,21,2002
"645","HMK036","Copepod1 spp.",104.8873,22,2003
"646","HMK036","Copepod1 spp.",105.4347,23,2004
"647","HMK043","Copepod2 spp.",144.1174,0,1976
"648","HMK043","Copepod2 spp.",144.1174,0,1977
"649","HMK043","Copepod2 spp.",150.2942,0,1978
"650","HMK043","Copepod2 spp.",146.1768,0,1979
"651","HMK043","Copepod2 spp.",154.4116,0,1981
"652","HMK043","Copepod2 spp.",137.9413,1,1982
"653","HMK043","Copepod2 spp.",133.8232,2,1983
"654","HMK043","Copepod2 spp.",127.6471,3,1984
"655","HMK043","Copepod2 spp.",144.1174,4,1985
"656","HMK043","Copepod2 spp.",154.4116,5,1986
"657","HMK043","Copepod2 spp.",137.9413,6,1987
"658","HMK043","Copepod2 spp.",144.1174,7,1988
"659","HMK043","Copepod2 spp.",150.2942,8,1989
"660","HMK043","Copepod2 spp.",121.4703,9,1990
"661","HMK043","Copepod2 spp.",127.6471,10,1991
"662","HMK043","Copepod2 spp.",111.1768,11,1992
"663","HMK043","Copepod2 spp.",129.7058,12,1993
"664","HMK043","Copepod2 spp.",140,13,1994
"665","HMK043","Copepod2 spp.",133.8232,14,1995
"666","HMK043","Copepod2 spp.",150.2942,15,1996
"667","HMK043","Copepod2 spp.",98.8232,16,1997
"668","HMK043","Copepod2 spp.",127.6471,17,1998
"669","HMK043","Copepod2 spp.",134.8529,18,1999
"670","HMK043","Copepod2 spp.",154.4116,19,2000
"671","HMK043","Copepod2 spp.",88.5297,20,2001
"672","HMK043","Copepod2 spp.",115.2942,21,2002
"673","HMK043","Copepod2 spp.",150.2942,22,2003
"674","HMK023","Corydalis ambigua",113,18,1999
"675","HMK023","Corydalis ambigua",121,19,2000
"676","HMK023","Corydalis ambigua",116,20,2001
"677","HMK023","Corydalis ambigua",104,21,2002
"678","HMK023","Corydalis ambigua",111,22,2003
"679","HMK023","Corydalis ambigua",111,23,2004
"680","HMK023","Corydalis ambigua",118,24,2005
"681","HMK023","Corydalis ambigua",117,25,2006
"682","HMK023","Corydalis ambigua",115,26,2007
"683","HMK023","Corydalis ambigua",109,27,2008
"684","HMK023","Corydalis ambigua",117,28,2009
"685","HMK023","Corydalis ambigua",125,29,2010
"686","HMK023","Corydalis ambigua",124.5,30,2011
"687","HMK023","Corydalis ambigua",122,31,2012
"688","HMK034","Cyclops vicinus",127.7585,0,1974
"689","HMK034","Cyclops vicinus",141.724,0,1975
"690","HMK034","Cyclops vicinus",131.379,0,1977
"691","HMK034","Cyclops vicinus",144.828,0,1978
"692","HMK034","Cyclops vicinus",136.552,0,1980
"693","HMK034","Cyclops vicinus",127.241,0,1981
"694","HMK034","Cyclops vicinus",133.448,2,1983
"695","HMK034","Cyclops vicinus",176.897,3,1984
"696","HMK034","Cyclops vicinus",137.586,5,1986
"697","HMK034","Cyclops vicinus",125.172,7,1988
"698","HMK034","Cyclops vicinus",112.759,10,1991
"699","HMK034","Cyclops vicinus",131.379,11,1992
"700","HMK034","Cyclops vicinus",117.931,12,1993
"701","HMK034","Cyclops vicinus",129.31,13,1994
"702","HMK032","Daphnia hyalina-galeata",140.0553,0,1956
"703","HMK032","Daphnia hyalina-galeata",153.9902,0,1958
"704","HMK032","Daphnia hyalina-galeata",140.07035,0,1959
"705","HMK032","Daphnia hyalina-galeata",136.7527,0,1961
"706","HMK032","Daphnia hyalina-galeata",133.063,0,1962
"707","HMK032","Daphnia hyalina-galeata",133.0679,0,1964
"708","HMK032","Daphnia hyalina-galeata",147.1232,0,1965
"709","HMK032","Daphnia hyalina-galeata",147.3745,0,1966
"710","HMK032","Daphnia hyalina-galeata",150.83145,0,1967
"711","HMK032","Daphnia hyalina-galeata",154.2905,0,1969
"712","HMK032","Daphnia hyalina-galeata",154.2954,0,1970
"713","HMK032","Daphnia hyalina-galeata",154.17885,0,1971
"714","HMK032","Daphnia hyalina-galeata",154.0637,0,1973
"715","HMK032","Daphnia hyalina-galeata",140.3906,0,1974
"716","HMK032","Daphnia hyalina-galeata",147.4228,0,1975
"717","HMK032","Daphnia hyalina-galeata",126.231,0,1977
"718","HMK032","Daphnia hyalina-galeata",147.18935,0,1978
"719","HMK032","Daphnia hyalina-galeata",143.871,0,1980
"720","HMK032","Daphnia hyalina-galeata",143.6344,1,1982
"721","HMK032","Daphnia hyalina-galeata",147.4648,3,1984
"722","HMK032","Daphnia hyalina-galeata",147.4697,4,1985
"723","HMK032","Daphnia hyalina-galeata",133.4235,5,1986
"724","HMK032","Daphnia hyalina-galeata",133.1827,6,1987
"725","HMK032","Daphnia hyalina-galeata",126.2856,7,1988
"726","HMK032","Daphnia hyalina-galeata",126.2912,8,1989
"727","HMK032","Daphnia hyalina-galeata",143.79715,9,1990
"728","HMK029","Daphnia pulicaria",126.851,0,1977
"729","HMK029","Daphnia pulicaria",118.432,0,1978
"730","HMK029","Daphnia pulicaria",157.692,0,1979
"731","HMK029","Daphnia pulicaria",182.636,0,1980
"732","HMK029","Daphnia pulicaria",148.253,0,1981
"733","HMK029","Daphnia pulicaria",159.965,1,1982
"734","HMK029","Daphnia pulicaria",139.886,2,1983
"735","HMK029","Daphnia pulicaria",157.949,3,1984
"736","HMK029","Daphnia pulicaria",137.876,4,1985
"737","HMK029","Daphnia pulicaria",154.873,5,1986
"738","HMK029","Daphnia pulicaria",140.628,6,1987
"739","HMK029","Daphnia pulicaria",140.685,7,1988
"740","HMK029","Daphnia pulicaria",159.272,8,1989
"741","HMK029","Daphnia pulicaria",152.973,9,1990
"742","HMK029","Daphnia pulicaria",156.726,10,1991
"743","HMK029","Daphnia pulicaria",154.129,11,1992
"744","HMK029","Daphnia pulicaria",134.062,12,1993
"745","HMK029","Daphnia pulicaria",173.309,13,1994
"746","HMK029","Daphnia pulicaria",146.349,14,1995
"747","HMK029","Daphnia pulicaria",170.233,15,1996
"748","HMK029","Daphnia pulicaria",126.909,17,1998
"749","HMK029","Daphnia pulicaria",194.769,18,1999
"750","HMK029","Daphnia pulicaria",165.16,19,2000
"751","HMK029","Daphnia pulicaria",151.432,20,2001
"752","HMK029","Daphnia pulicaria",159.442,21,2002
"753","HMK031","Daphnia1 spp.",181.5723,-2,1979
"754","HMK031","Daphnia1 spp.",182.4893,-1,1980
"755","HMK031","Daphnia1 spp.",153.1439,0,1981
"756","HMK031","Daphnia1 spp.",168.7336,1,1982
"757","HMK031","Daphnia1 spp.",153.1439,2,1983
"758","HMK031","Daphnia1 spp.",153.1439,3,1984
"759","HMK031","Daphnia1 spp.",159.5636,4,1985
"760","HMK031","Daphnia1 spp.",154.0609,5,1986
"761","HMK031","Daphnia1 spp.",167.8166,6,1987
"762","HMK031","Daphnia1 spp.",154.0609,7,1988
"763","HMK031","Daphnia1 spp.",187.9913,8,1989
"764","HMK031","Daphnia1 spp.",139.3889,9,1990
"765","HMK031","Daphnia1 spp.",153.1439,10,1991
"766","HMK031","Daphnia1 spp.",146.7249,11,1992
"767","HMK031","Daphnia1 spp.",132.9692,12,1993
"768","HMK031","Daphnia1 spp.",147.6419,13,1994
"769","HMK031","Daphnia1 spp.",139.3889,14,1995
"770","HMK031","Daphnia1 spp.",154.0609,15,1996
"771","HMK031","Daphnia1 spp.",146.7249,16,1997
"772","HMK031","Daphnia1 spp.",132.9692,17,1998
"773","HMK031","Daphnia1 spp.",140.3059,18,1999
"774","HMK031","Daphnia1 spp.",140.3059,19,2000
"775","HMK031","Daphnia1 spp.",147.6419,20,2001
"776","HMK031","Daphnia1 spp.",145.8079,21,2002
"777","HMK031","Daphnia1 spp.",166.8996,22,2003
"778","HMK037","Daphnia2 spp.",173.066,0,1976
"779","HMK037","Daphnia2 spp.",164.008,0,1977
"780","HMK037","Daphnia2 spp.",171.446,0,1978
"781","HMK037","Daphnia2 spp.",155.331,0,1979
"782","HMK037","Daphnia2 spp.",161.289,0,1980
"783","HMK037","Daphnia2 spp.",146.033,0,1981
"784","HMK037","Daphnia2 spp.",157.81,1,1982
"785","HMK037","Daphnia2 spp.",136.736,2,1983
"786","HMK037","Daphnia2 spp.",182.983,3,1984
"787","HMK037","Daphnia2 spp.",134.876,4,1985
"788","HMK037","Daphnia2 spp.",146.033,5,1986
"789","HMK037","Daphnia2 spp.",137.975,6,1987
"790","HMK037","Daphnia2 spp.",138.975,7,1988
"791","HMK037","Daphnia2 spp.",156.57,8,1989
"792","HMK037","Daphnia2 spp.",162.769,9,1990
"793","HMK037","Daphnia2 spp.",180.744,10,1991
"794","HMK037","Daphnia2 spp.",133.397,11,1992
"795","HMK037","Daphnia2 spp.",156.57,12,1993
"796","HMK037","Daphnia2 spp.",136.116,13,1994
"797","HMK037","Daphnia2 spp.",150.372,14,1995
"798","HMK037","Daphnia2 spp.",168.107,15,1996
"799","HMK037","Daphnia2 spp.",165.868,16,1997
"800","HMK037","Daphnia2 spp.",124.339,17,1998
"801","HMK037","Daphnia2 spp.",192.521,18,1999
"802","HMK037","Daphnia2 spp.",163.149,19,2000
"803","HMK037","Daphnia2 spp.",148.512,20,2001
"804","HMK037","Daphnia2 spp.",156.57,21,2002
"805","HMK019","Daphnia3 spp.",160.305,0,1969
"807","HMK019","Daphnia3 spp.",153.324,0,1970
"809","HMK019","Daphnia3 spp.",124.8365,0,1971
"811","HMK019","Daphnia3 spp.",140.054,0,1972
"813","HMK019","Daphnia3 spp.",137.4605,0,1973
"815","HMK019","Daphnia3 spp.",134.959,0,1974
"817","HMK019","Daphnia3 spp.",131.047,0,1975
"819","HMK019","Daphnia3 spp.",142.5315,0,1976
"821","HMK019","Daphnia3 spp.",134.2885,0,1977
"823","HMK019","Daphnia3 spp.",147.44,0,1978
"825","HMK019","Daphnia3 spp.",141.25,0,1979
"827","HMK019","Daphnia3 spp.",125.4055,0,1980
"829","HMK019","Daphnia3 spp.",132.068,0,1981
"831","HMK019","Daphnia3 spp.",123.4645,1,1982
"833","HMK019","Daphnia3 spp.",149.2905,2,1983
"835","HMK019","Daphnia3 spp.",121.607,3,1984
"837","HMK019","Daphnia3 spp.",143.5115,5,1986
"839","HMK019","Daphnia3 spp.",129.6225,6,1987
"841","HMK019","Daphnia3 spp.",129.632,7,1988
"842","HMK019","Daphnia3 spp.",155.9275,8,1989
"844","HMK019","Daphnia3 spp.",123.2625,9,1990
"846","HMK019","Daphnia3 spp.",126.391,10,1991
"848","HMK019","Daphnia3 spp.",121.4005,11,1992
"850","HMK019","Daphnia3 spp.",123.8035,12,1993
"852","HMK019","Daphnia3 spp.",125.1545,13,1994
"854","HMK019","Daphnia3 spp.",131.477,14,1995
"856","HMK019","Daphnia3 spp.",139.5085,15,1996
"858","HMK019","Daphnia3 spp.",110.5725,16,1997
"860","HMK019","Daphnia3 spp.",136.25,17,1998
"862","HMK019","Daphnia3 spp.",133.19,18,1999
"864","HMK019","Daphnia3 spp.",121.22,19,2000
"866","HMK019","Daphnia3 spp.",132.4685,20,2001
"868","HMK019","Daphnia3 spp.",113.75,21,2002
"870","HMK019","Daphnia3 spp.",100.91875,22,2003
"872","HMK019","Daphnia3 spp.",107.881,24,2005
"874","HMK019","Daphnia3 spp.",123.75,25,2006
"876","HMK019","Daphnia3 spp.",119.17,27,2008
"878","HMK008","Delphinium nuttallianum",170.8556,-6,1975
"879","HMK008","Delphinium nuttallianum",163.5027,-2,1979
"880","HMK008","Delphinium nuttallianum",166.0428,-1,1980
"881","HMK008","Delphinium nuttallianum",151.8075,0,1981
"882","HMK008","Delphinium nuttallianum",159.2941,1,1982
"883","HMK008","Delphinium nuttallianum",170.9893,2,1983
"884","HMK008","Delphinium nuttallianum",169.385,3,1984
"885","HMK008","Delphinium nuttallianum",155.8182,4,1985
"886","HMK008","Delphinium nuttallianum",151.8075,5,1986
"887","HMK008","Delphinium nuttallianum",152.8075,6,1987
"888","HMK008","Delphinium nuttallianum",151.738,7,1988
"889","HMK008","Delphinium nuttallianum",148.4652,8,1989
"890","HMK008","Delphinium nuttallianum",160.8289,10,1991
"891","HMK008","Delphinium nuttallianum",169.5882,12,1993
"892","HMK008","Delphinium nuttallianum",177.0053,14,1995
"893","HMK008","Delphinium nuttallianum",155.8824,15,1996
"894","HMK008","Delphinium nuttallianum",153.6791,16,1997
"895","HMK008","Delphinium nuttallianum",146.3262,17,1998
"896","HMK008","Delphinium nuttallianum",160.0267,18,1999
"897","HMK008","Delphinium nuttallianum",150,19,2000
"898","HMK008","Delphinium nuttallianum",152.3422,20,2001
"899","HMK008","Delphinium nuttallianum",137.5027,21,2002
"900","HMK008","Delphinium nuttallianum",150,22,2003
"901","HMK008","Delphinium nuttallianum",136.9679,23,2004
"902","HMK008","Delphinium nuttallianum",149.8021,24,2005
"903","HMK008","Delphinium nuttallianum",141.5134,25,2006
"904","HMK008","Delphinium nuttallianum",138.5027,26,2007
"905","HMK008","Delphinium nuttallianum",163.9037,27,2008
"906","HMK008","Delphinium nuttallianum",147.3957,28,2009
"907","HMK008","Delphinium nuttallianum",150.4706,29,2010
"908","HMK029","Diatom1 spp.",119.576,0,1977
"909","HMK029","Diatom1 spp.",102.489,0,1978
"910","HMK029","Diatom1 spp.",121.586,0,1979
"911","HMK029","Diatom1 spp.",119.278,0,1980
"912","HMK029","Diatom1 spp.",141.723,0,1981
"913","HMK029","Diatom1 spp.",131.296,1,1982
"914","HMK029","Diatom1 spp.",117.083,2,1983
"915","HMK029","Diatom1 spp.",108.084,3,1984
"916","HMK029","Diatom1 spp.",102.426,4,1985
"917","HMK029","Diatom1 spp.",99.1578,5,1986
"918","HMK029","Diatom1 spp.",111.595,6,1987
"919","HMK029","Diatom1 spp.",124.985,7,1988
"920","HMK029","Diatom1 spp.",124.566,8,1989
"921","HMK029","Diatom1 spp.",108.44,9,1990
"922","HMK029","Diatom1 spp.",114.219,10,1991
"923","HMK029","Diatom1 spp.",91.4108,11,1992
"924","HMK029","Diatom1 spp.",95.2851,12,1993
"925","HMK029","Diatom1 spp.",112.493,13,1994
"926","HMK029","Diatom1 spp.",109.684,14,1995
"927","HMK029","Diatom1 spp.",118.107,15,1996
"928","HMK029","Diatom1 spp.",87.0052,17,1998
"929","HMK029","Diatom1 spp.",112.776,18,1999
"930","HMK029","Diatom1 spp.",95.2219,19,2000
"931","HMK029","Diatom1 spp.",100.049,20,2001
"932","HMK029","Diatom1 spp.",92.9543,21,2002
"933","HMK031","Diatom2a spp.",138.4719,-2,1979
"934","HMK031","Diatom2a spp.",138.4719,-1,1980
"935","HMK031","Diatom2a spp.",138.4719,0,1981
"936","HMK031","Diatom2a spp.",118.2972,1,1982
"937","HMK031","Diatom2a spp.",117.3802,2,1983
"938","HMK031","Diatom2a spp.",104.5415,3,1984
"939","HMK031","Diatom2a spp.",111.8775,4,1985
"940","HMK031","Diatom2a spp.",117.3802,5,1986
"941","HMK031","Diatom2a spp.",145.8079,6,1987
"942","HMK031","Diatom2a spp.",90.7858,7,1988
"943","HMK031","Diatom2a spp.",76.1138,8,1989
"944","HMK031","Diatom2a spp.",61.44103,9,1990
"945","HMK031","Diatom2a spp.",104.5415,10,1991
"946","HMK031","Diatom2a spp.",103.6245,11,1992
"947","HMK031","Diatom2a spp.",111.8775,12,1993
"948","HMK031","Diatom2a spp.",110.9605,13,1994
"949","HMK031","Diatom2a spp.",61.44103,14,1995
"950","HMK031","Diatom2a spp.",124.7162,15,1996
"951","HMK031","Diatom2a spp.",119.2142,16,1997
"952","HMK031","Diatom2a spp.",111.8775,17,1998
"953","HMK031","Diatom2a spp.",90.7858,18,1999
"954","HMK031","Diatom2a spp.",110.0435,19,2000
"955","HMK031","Diatom2a spp.",110.9605,20,2001
"956","HMK031","Diatom2a spp.",96.2885,21,2002
"957","HMK031","Diatom2a spp.",131.1352,22,2003
"958","HMK031","Diatom2b spp.",111.8775,4,1985
"959","HMK031","Diatom2b spp.",117.3802,5,1986
"960","HMK031","Diatom2b spp.",145.8079,6,1987
"961","HMK031","Diatom2b spp.",76.1138,8,1989
"962","HMK031","Diatom2b spp.",61.44103,9,1990
"963","HMK031","Diatom2b spp.",104.5415,10,1991
"964","HMK031","Diatom2b spp.",111.8775,12,1993
"965","HMK031","Diatom2b spp.",110.9605,13,1994
"966","HMK031","Diatom2b spp.",61.44103,14,1995
"967","HMK031","Diatom2b spp.",124.7162,15,1996
"968","HMK031","Diatom2b spp.",119.2142,16,1997
"969","HMK031","Diatom2b spp.",111.8775,17,1998
"970","HMK031","Diatom2b spp.",110.0435,19,2000
"971","HMK031","Diatom2b spp.",110.9605,20,2001
"972","HMK031","Diatom2b spp.",96.2885,21,2002
"973","HMK031","Diatom2b spp.",131.1352,22,2003
"974","HMK036","Diatom3 spp.",43.9024,0,1975
"975","HMK036","Diatom3 spp.",66.3415,0,1976
"976","HMK036","Diatom3 spp.",60.9756,0,1977
"977","HMK036","Diatom3 spp.",53.1707,0,1978
"978","HMK036","Diatom3 spp.",68.2927,0,1979
"979","HMK036","Diatom3 spp.",81.9512,0,1980
"980","HMK036","Diatom3 spp.",47.8049,0,1981
"981","HMK036","Diatom3 spp.",81.9512,1,1982
"982","HMK036","Diatom3 spp.",75.6098,2,1983
"983","HMK036","Diatom3 spp.",44.878,3,1984
"984","HMK036","Diatom3 spp.",77.561,4,1985
"985","HMK036","Diatom3 spp.",55.6098,5,1986
"986","HMK036","Diatom3 spp.",67.3171,6,1987
"987","HMK036","Diatom3 spp.",68.2927,7,1988
"988","HMK036","Diatom3 spp.",55.122,8,1989
"989","HMK036","Diatom3 spp.",62.9268,9,1990
"990","HMK036","Diatom3 spp.",69.7561,10,1991
"991","HMK036","Diatom3 spp.",58.0488,11,1992
"992","HMK036","Diatom3 spp.",71.7073,12,1993
"993","HMK036","Diatom3 spp.",55.6098,13,1994
"994","HMK036","Diatom3 spp.",51.2195,14,1995
"995","HMK036","Diatom3 spp.",84.3902,15,1996
"996","HMK036","Diatom3 spp.",65.8537,16,1997
"997","HMK036","Diatom3 spp.",50.2439,17,1998
"998","HMK036","Diatom3 spp.",69.2683,18,1999
"999","HMK036","Diatom3 spp.",58.5366,19,2000
"1000","HMK036","Diatom3 spp.",74.6341,20,2001
"1001","HMK036","Diatom3 spp.",48.2927,21,2002
"1002","HMK036","Diatom3 spp.",61.4634,22,2003
"1003","HMK036","Diatom3 spp.",61.4634,23,2004
"1004","HMK037","Diatom4a spp.",93.6458,0,1976
"1005","HMK037","Diatom4a spp.",112.438,0,1977
"1006","HMK037","Diatom4a spp.",87.4375,0,1978
"1007","HMK037","Diatom4a spp.",120.25,0,1979
"1008","HMK037","Diatom4a spp.",77.5,0,1980
"1009","HMK037","Diatom4a spp.",140.042,0,1981
"1010","HMK037","Diatom4a spp.",134.313,1,1982
"1011","HMK037","Diatom4a spp.",115.563,2,1983
"1012","HMK037","Diatom4a spp.",109.271,3,1984
"1013","HMK037","Diatom4a spp.",121.292,4,1985
"1014","HMK037","Diatom4a spp.",96.8125,5,1986
"1015","HMK037","Diatom4a spp.",109.833,6,1987
"1016","HMK037","Diatom4a spp.",124.896,7,1988
"1017","HMK037","Diatom4a spp.",107.75,8,1989
"1018","HMK037","Diatom4a spp.",98.8958,9,1990
"1019","HMK037","Diatom4a spp.",111.917,10,1991
"1020","HMK037","Diatom4a spp.",69.1667,11,1992
"1021","HMK037","Diatom4a spp.",93.1667,12,1993
"1022","HMK037","Diatom4a spp.",110.354,13,1994
"1023","HMK037","Diatom4a spp.",107.229,14,1995
"1024","HMK037","Diatom4a spp.",107.188,15,1996
"1025","HMK037","Diatom4a spp.",120.771,16,1997
"1026","HMK037","Diatom4a spp.",84.3125,17,1998
"1027","HMK037","Diatom4a spp.",109.833,18,1999
"1028","HMK037","Diatom4a spp.",94.1667,19,2000
"1029","HMK037","Diatom4a spp.",100.458,20,2001
"1030","HMK037","Diatom4a spp.",100.458,21,2002
"1031","HMK037","Diatom4b spp.",133.271,0,1963
"1032","HMK037","Diatom4b spp.",125.938,0,1964
"1033","HMK037","Diatom4b spp.",124.938,0,1965
"1034","HMK037","Diatom4b spp.",129.625,0,1966
"1035","HMK037","Diatom4b spp.",129.104,0,1967
"1036","HMK037","Diatom4b spp.",136.354,0,1968
"1037","HMK037","Diatom4b spp.",125.979,0,1969
"1038","HMK037","Diatom4b spp.",132.75,0,1970
"1039","HMK037","Diatom4b spp.",131.188,0,1971
"1040","HMK037","Diatom4b spp.",125.417,0,1972
"1041","HMK037","Diatom4b spp.",105.667,0,1973
"1042","HMK037","Diatom4b spp.",132.229,0,1974
"1043","HMK037","Diatom4b spp.",118.167,0,1975
"1044","HMK037","Diatom4b spp.",93.6458,0,1976
"1045","HMK037","Diatom4b spp.",112.438,0,1977
"1046","HMK037","Diatom4b spp.",87.4375,0,1978
"1047","HMK037","Diatom4b spp.",120.25,0,1979
"1048","HMK037","Diatom4b spp.",140.042,0,1981
"1049","HMK037","Diatom4b spp.",134.313,1,1982
"1050","HMK037","Diatom4b spp.",115.563,2,1983
"1051","HMK037","Diatom4b spp.",109.271,3,1984
"1052","HMK037","Diatom4b spp.",121.292,4,1985
"1053","HMK037","Diatom4b spp.",96.8125,5,1986
"1054","HMK037","Diatom4b spp.",109.833,6,1987
"1055","HMK037","Diatom4b spp.",124.896,7,1988
"1056","HMK037","Diatom4b spp.",107.75,8,1989
"1057","HMK037","Diatom4b spp.",98.8958,9,1990
"1058","HMK037","Diatom4b spp.",111.917,10,1991
"1059","HMK037","Diatom4b spp.",69.1667,11,1992
"1060","HMK037","Diatom4b spp.",93.1667,12,1993
"1061","HMK037","Diatom4b spp.",110.354,13,1994
"1062","HMK037","Diatom4b spp.",107.229,14,1995
"1063","HMK037","Diatom4c spp.",125.938,0,1964
"1064","HMK037","Diatom4c spp.",124.938,0,1965
"1065","HMK037","Diatom4c spp.",129.625,0,1966
"1066","HMK037","Diatom4c spp.",129.104,0,1967
"1067","HMK037","Diatom4c spp.",136.354,0,1968
"1068","HMK037","Diatom4c spp.",125.979,0,1969
"1069","HMK037","Diatom4c spp.",132.75,0,1970
"1070","HMK037","Diatom4c spp.",131.188,0,1971
"1071","HMK037","Diatom4c spp.",125.417,0,1972
"1072","HMK037","Diatom4c spp.",105.667,0,1973
"1073","HMK037","Diatom4c spp.",132.229,0,1974
"1074","HMK037","Diatom4c spp.",118.167,0,1975
"1075","HMK037","Diatom4c spp.",93.6458,0,1976
"1076","HMK037","Diatom4c spp.",112.438,0,1977
"1077","HMK037","Diatom4c spp.",87.4375,0,1978
"1078","HMK037","Diatom4c spp.",120.25,0,1979
"1079","HMK037","Diatom4c spp.",77.5,0,1980
"1080","HMK037","Diatom4c spp.",140.042,0,1981
"1081","HMK037","Diatom4c spp.",134.313,1,1982
"1082","HMK037","Diatom4c spp.",115.563,2,1983
"1083","HMK037","Diatom4c spp.",109.271,3,1984
"1084","HMK037","Diatom4c spp.",121.292,4,1985
"1085","HMK037","Diatom4c spp.",96.8125,5,1986
"1086","HMK037","Diatom4c spp.",109.833,6,1987
"1087","HMK037","Diatom4c spp.",124.896,7,1988
"1088","HMK037","Diatom4c spp.",107.75,8,1989
"1089","HMK037","Diatom4c spp.",98.8958,9,1990
"1090","HMK037","Diatom4c spp.",111.917,10,1991
"1091","HMK037","Diatom4c spp.",69.1667,11,1992
"1092","HMK037","Diatom4c spp.",93.1667,12,1993
"1093","HMK037","Diatom4c spp.",110.354,13,1994
"1094","HMK037","Diatom4c spp.",107.188,15,1996
"1095","HMK037","Diatom4c spp.",120.771,16,1997
"1096","HMK037","Diatom4c spp.",84.3125,17,1998
"1097","HMK037","Diatom4c spp.",109.833,18,1999
"1098","HMK037","Diatom4c spp.",94.1667,19,2000
"1099","HMK037","Diatom4c spp.",100.458,21,2002
"1100","HMK016","Engraulis japonicus",165.259,12,1993
"1101","HMK016","Engraulis japonicus",171.541,14,1995
"1102","HMK016","Engraulis japonicus",180.839,15,1996
"1103","HMK016","Engraulis japonicus",214.747,16,1997
"1104","HMK016","Engraulis japonicus",136.361,17,1998
"1105","HMK016","Engraulis japonicus",157.962,18,1999
"1106","HMK016","Engraulis japonicus",162.641,19,2000
"1107","HMK016","Engraulis japonicus",145.798,20,2001
"1108","HMK016","Engraulis japonicus",110.476,21,2002
"1109","HMK016","Engraulis japonicus",169.134,24,2005
"1110","HMK016","Engraulis japonicus",175.361,25,2006
"1111","HMK011","Epirrita autumnata",180.4596,15,1996
"1112","HMK011","Epirrita autumnata",192.649,16,1997
"1113","HMK011","Epirrita autumnata",178.8317,17,1998
"1114","HMK011","Epirrita autumnata",169.9526,18,1999
"1115","HMK011","Epirrita autumnata",166.9974,19,2000
"1116","HMK011","Epirrita autumnata",182.1512,20,2001
"1117","HMK011","Epirrita autumnata",165.3688,21,2002
"1118","HMK011","Epirrita autumnata",170.6461,22,2003
"1119","HMK011","Epirrita autumnata",162.4261,23,2004
"1120","HMK011","Epirrita autumnata",176.9202,24,2005
"1121","HMK011","Epirrita autumnata",168.3689,25,2006
"1122","HMK011","Epirrita autumnata",167.391,26,2007
"1123","HMK011","Epirrita autumnata",172.6669,27,2008
"1124","HMK011","Epirrita autumnata",170.7021,28,2009
"1125","HMK008","Erythronium grandiflorum",159.6556,-6,1975
"1126","HMK008","Erythronium grandiflorum",157.6076,-2,1979
"1127","HMK008","Erythronium grandiflorum",160.4089,-1,1980
"1128","HMK008","Erythronium grandiflorum",139.7202,0,1981
"1129","HMK008","Erythronium grandiflorum",161.5833,2,1983
"1130","HMK008","Erythronium grandiflorum",161.1712,3,1984
"1131","HMK008","Erythronium grandiflorum",149.8429,5,1986
"1132","HMK008","Erythronium grandiflorum",135.0378,6,1987
"1133","HMK008","Erythronium grandiflorum",141.1858,7,1988
"1134","HMK008","Erythronium grandiflorum",139.9067,8,1989
"1135","HMK008","Erythronium grandiflorum",150.7944,10,1991
"1136","HMK008","Erythronium grandiflorum",157.8061,12,1993
"1137","HMK008","Erythronium grandiflorum",169.6281,14,1995
"1138","HMK008","Erythronium grandiflorum",145.7895,15,1996
"1139","HMK008","Erythronium grandiflorum",151.3391,16,1997
"1140","HMK008","Erythronium grandiflorum",141.8244,17,1998
"1141","HMK008","Erythronium grandiflorum",149.7765,18,1999
"1142","HMK008","Erythronium grandiflorum",141.3323,19,2000
"1143","HMK008","Erythronium grandiflorum",139.786,20,2001
"1144","HMK008","Erythronium grandiflorum",124.6497,21,2002
"1145","HMK008","Erythronium grandiflorum",143.712,22,2003
"1146","HMK008","Erythronium grandiflorum",135.2674,23,2004
"1147","HMK008","Erythronium grandiflorum",145.1012,24,2005
"1148","HMK008","Erythronium grandiflorum",134.6481,25,2006
"1149","HMK008","Erythronium grandiflorum",155.1748,27,2008
"1150","HMK008","Erythronium grandiflorum",136.2264,28,2009
"1151","HMK008","Erythronium grandiflorum",138.0888,29,2010
"1152","HMK008","Erythronium grandiflorum",155.3492,30,2011
"1153","HMK048","Ficedula hypoleuca",62.126,4,1985
"1154","HMK048","Ficedula hypoleuca",59.7638,5,1986
"1155","HMK048","Ficedula hypoleuca",60.9449,6,1987
"1156","HMK048","Ficedula hypoleuca",59.3701,7,1988
"1157","HMK048","Ficedula hypoleuca",62.9134,8,1989
"1158","HMK048","Ficedula hypoleuca",57.0079,9,1990
"1159","HMK048","Ficedula hypoleuca",55.8268,11,1992
"1160","HMK048","Ficedula hypoleuca",54.6457,12,1993
"1161","HMK048","Ficedula hypoleuca",56.2205,13,1994
"1162","HMK048","Ficedula hypoleuca",58.189,15,1996
"1163","HMK048","Ficedula hypoleuca",54.6457,16,1997
"1164","HMK048","Ficedula hypoleuca",53.8583,17,1998
"1165","HMK048","Ficedula hypoleuca",55.0394,18,1999
"1166","HMK048","Ficedula hypoleuca",49.9213,19,2000
"1167","HMK048","Ficedula hypoleuca",57.0079,20,2001
"1168","HMK048","Ficedula hypoleuca",55.0394,21,2002
"1169","HMK048","Ficedula hypoleuca",49.9213,22,2003
"1170","HMK048","Ficedula hypoleuca",53.0709,23,2004
"1171","HMK048","Ficedula hypoleuca",53.8583,24,2005
"1172","HMK048","Ficedula_a hypoleuca",62.126,4,1985
"1173","HMK048","Ficedula_a hypoleuca",59.7638,5,1986
"1174","HMK048","Ficedula_a hypoleuca",60.9449,6,1987
"1175","HMK048","Ficedula_a hypoleuca",59.3701,7,1988
"1176","HMK048","Ficedula_a hypoleuca",62.9134,8,1989
"1177","HMK048","Ficedula_a hypoleuca",57.0079,9,1990
"1178","HMK048","Ficedula_a hypoleuca",55.8268,11,1992
"1179","HMK048","Ficedula_a hypoleuca",58.189,15,1996
"1180","HMK048","Ficedula_a hypoleuca",54.6457,16,1997
"1181","HMK048","Ficedula_a hypoleuca",53.8583,17,1998
"1182","HMK048","Ficedula_a hypoleuca",55.0394,18,1999
"1183","HMK048","Ficedula_a hypoleuca",49.9213,19,2000
"1184","HMK048","Ficedula_a hypoleuca",57.0079,20,2001
"1185","HMK048","Ficedula_a hypoleuca",55.0394,21,2002
"1186","HMK048","Ficedula_a hypoleuca",49.9213,22,2003
"1187","HMK048","Ficedula_a hypoleuca",53.0709,23,2004
"1188","HMK027","Ficedula1 albicollis",118.154,0,1962
"1189","HMK027","Ficedula1 albicollis",125.6155,0,1965
"1190","HMK027","Ficedula1 albicollis",118.385,0,1966
"1191","HMK027","Ficedula1 albicollis",124.077,0,1968
"1192","HMK027","Ficedula1 albicollis",121.308,0,1969
"1193","HMK027","Ficedula1 albicollis",125.615,0,1970
"1194","HMK027","Ficedula1 albicollis",120.846,0,1971
"1195","HMK027","Ficedula1 albicollis",117.308,0,1972
"1196","HMK027","Ficedula1 albicollis",122.692,0,1973
"1197","HMK027","Ficedula1 albicollis",120.231,0,1974
"1198","HMK027","Ficedula1 albicollis",122.846,0,1975
"1199","HMK027","Ficedula1 albicollis",123.923,0,1976
"1200","HMK027","Ficedula1 albicollis",118.692,0,1977
"1201","HMK027","Ficedula1 albicollis",120.077,0,1978
"1202","HMK027","Ficedula1 albicollis",129.769,0,1980
"1203","HMK027","Ficedula1 albicollis",111.308,0,1981
"1204","HMK027","Ficedula1 albicollis",128.077,1,1982
"1205","HMK027","Ficedula1 albicollis",116.538,2,1983
"1206","HMK027","Ficedula1 albicollis",121.923,3,1984
"1207","HMK027","Ficedula1 albicollis",117.462,5,1986
"1208","HMK027","Ficedula1 albicollis",122.538,7,1988
"1209","HMK027","Ficedula1 albicollis",108.538,8,1989
"1210","HMK027","Ficedula1 albicollis",119.154,9,1990
"1211","HMK027","Ficedula1 albicollis",121,10,1991
"1212","HMK027","Ficedula1 albicollis",114.385,13,1994
"1213","HMK027","Ficedula1 albicollis",117.154,14,1995
"1214","HMK027","Ficedula1 albicollis",122.846,16,1997
"1215","HMK027","Ficedula1 albicollis",115.308,17,1998
"1216","HMK027","Ficedula1 albicollis",113.462,19,2000
"1217","HMK027","Ficedula1 albicollis",118.692,20,2001
"1218","HMK027","Ficedula1 albicollis",115.846,21,2002
"1219","HMK027","Ficedula1 albicollis",116.077,22,2003
"1220","HMK027","Ficedula1 albicollis",116.231,23,2004
"1221","HMK027","Ficedula1 albicollis",108.538,25,2006
"1222","HMK038","Ficedula2 albicollis",138.636,-1,1980
"1223","HMK038","Ficedula2 albicollis",134.773,0,1981
"1224","HMK038","Ficedula2 albicollis",138.182,1,1982
"1225","HMK038","Ficedula2 albicollis",127.955,2,1983
"1226","HMK038","Ficedula2 albicollis",136.364,3,1984
"1227","HMK038","Ficedula2 albicollis",132.955,4,1985
"1228","HMK038","Ficedula2 albicollis",131.364,5,1986
"1229","HMK038","Ficedula2 albicollis",134.091,6,1987
"1230","HMK038","Ficedula2 albicollis",130.909,7,1988
"1231","HMK038","Ficedula2 albicollis",130.227,8,1989
"1232","HMK038","Ficedula2 albicollis",132.955,9,1990
"1233","HMK038","Ficedula2 albicollis",134.773,10,1991
"1234","HMK038","Ficedula2 albicollis",130.682,11,1992
"1235","HMK038","Ficedula2 albicollis",126.364,12,1993
"1236","HMK038","Ficedula2 albicollis",125.227,13,1994
"1237","HMK038","Ficedula2 albicollis",130.227,14,1995
"1238","HMK038","Ficedula2 albicollis",129.545,15,1996
"1239","HMK038","Ficedula2 albicollis",130.682,16,1997
"1240","HMK038","Ficedula2 albicollis",129.091,17,1998
"1241","HMK038","Ficedula2 albicollis",129.545,18,1999
"1242","HMK038","Ficedula2 albicollis",126.364,19,2000
"1243","HMK038","Ficedula2 albicollis",126.818,20,2001
"1244","HMK038","Ficedula2 albicollis",127.045,21,2002
"1245","HMK038","Ficedula2 albicollis",126.818,22,2003
"1246","HMK038","Ficedula2 albicollis",128.409,23,2004
"1247","HMK038","Ficedula2 albicollis",130.682,24,2005
"1248","SET005","Fratercula arctica",169.187,2,1983
"1249","SET005","Fratercula arctica",169.5907,3,1984
"1250","SET005","Fratercula arctica",167.706,4,1985
"1251","SET005","Fratercula arctica",172.7784,5,1986
"1252","SET005","Fratercula arctica",170.0868,6,1987
"1253","SET005","Fratercula arctica",176.6698,7,1988
"1254","SET005","Fratercula arctica",169.2755,8,1989
"1255","SET005","Fratercula arctica",172.5471,9,1990
"1256","SET005","Fratercula arctica",164.8522,10,1991
"1257","SET005","Fratercula arctica",169.2484,11,1992
"1258","SET005","Fratercula arctica",170.9922,12,1993
"1259","SET005","Fratercula arctica",168.1406,13,1994
"1260","SET005","Fratercula arctica",175.4443,14,1995
"1261","SET005","Fratercula arctica",179.0864,15,1996
"1262","SET005","Fratercula arctica",163.7783,16,1997
"1263","SET005","Fratercula arctica",179.8552,17,1998
"1264","SET005","Fratercula arctica",168.4121,18,1999
"1265","SET005","Fratercula arctica",166.1587,19,2000
"1266","SET005","Fratercula arctica",172.734,20,2001
"1267","SET005","Fratercula arctica",172.7814,21,2002
"1268","SET005","Fratercula arctica",170.8266,22,2003
"1269","SET005","Fratercula arctica",171.8007,23,2004
"1270","SET005","Fratercula arctica",186.1328,24,2005
"1271","SET005","Fratercula arctica",180.2871,25,2006
"1272","HMK038","Glis glis",158.314,-1,1980
"1276","HMK038","Glis glis",160.831,0,1981
"1280","HMK038","Glis glis",137.909,1,1982
"1284","HMK038","Glis glis",145.28,2,1983
"1288","HMK038","Glis glis",148.299,3,1984
"1292","HMK038","Glis glis",151.988,4,1985
"1296","HMK038","Glis glis",146.806,5,1986
"1300","HMK038","Glis glis",150.662,6,1987
"1304","HMK038","Glis glis",141.129,7,1988
"1308","HMK038","Glis glis",151.177,8,1989
"1312","HMK038","Glis glis",145.829,9,1990
"1316","HMK038","Glis glis",152.697,10,1991
"1320","HMK038","Glis glis",145.507,11,1992
"1324","HMK038","Glis glis",138.485,12,1993
"1328","HMK038","Glis glis",144.852,13,1994
"1332","HMK038","Glis glis",149.544,14,1995
"1336","HMK038","Glis glis",153.401,15,1996
"1340","HMK038","Glis glis",140.017,16,1997
"1344","HMK038","Glis glis",140.861,17,1998
"1348","HMK038","Glis glis",136.349,18,1999
"1352","HMK038","Glis glis",142.716,19,2000
"1356","HMK038","Glis glis",136.363,20,2001
"1360","HMK038","Glis glis",135.198,21,2002
"1364","HMK038","Glis glis",128.008,22,2003
"1368","HMK038","Glis glis",137.052,23,2004
"1372","HMK038","Glis glis",130.699,24,2005
"1376","HMK039","Guillemots spp.",132.631,0,1973
"1377","HMK039","Guillemots spp.",123.205,0,1974
"1378","HMK039","Guillemots spp.",128.779,0,1975
"1379","HMK039","Guillemots spp.",130.822,0,1976
"1380","HMK039","Guillemots spp.",125.808,0,1977
"1381","HMK039","Guillemots spp.",141.087,0,1978
"1382","HMK039","Guillemots spp.",138.425,0,1979
"1383","HMK039","Guillemots spp.",133.116,0,1980
"1384","HMK039","Guillemots spp.",138.396,0,1981
"1385","HMK039","Guillemots spp.",131.616,1,1982
"1386","HMK039","Guillemots spp.",134.837,2,1983
"1387","HMK039","Guillemots spp.",137.469,3,1984
"1388","HMK039","Guillemots spp.",140.102,4,1985
"1389","HMK039","Guillemots spp.",135.675,5,1986
"1390","HMK039","Guillemots spp.",145.955,6,1987
"1391","HMK039","Guillemots spp.",134.763,7,1988
"1392","HMK039","Guillemots spp.",134.161,8,1989
"1393","HMK039","Guillemots spp.",128.851,9,1990
"1394","HMK039","Guillemots spp.",134.131,10,1991
"1395","HMK039","Guillemots spp.",136.764,11,1992
"1396","HMK039","Guillemots spp.",137.926,12,1993
"1397","HMK039","Guillemots spp.",135.557,13,1994
"1398","HMK039","Guillemots spp.",140.543,14,1995
"1399","HMK037","Keratella2 cochlearis",148.636,0,1963
"1400","HMK037","Keratella2 cochlearis",156.455,0,1964
"1401","HMK037","Keratella2 cochlearis",145.909,0,1965
"1402","HMK037","Keratella2 cochlearis",158.182,0,1966
"1403","HMK037","Keratella2 cochlearis",136.364,0,1967
"1404","HMK037","Keratella2 cochlearis",135.318,0,1968
"1405","HMK037","Keratella2 cochlearis",140.455,0,1969
"1406","HMK037","Keratella2 cochlearis",167.045,0,1970
"1407","HMK037","Keratella2 cochlearis",129.545,0,1971
"1408","HMK037","Keratella2 cochlearis",138.045,0,1972
"1409","HMK037","Keratella2 cochlearis",106.364,0,1973
"1410","HMK037","Keratella2 cochlearis",128.864,0,1974
"1411","HMK037","Keratella2 cochlearis",141.818,0,1975
"1412","HMK037","Keratella2 cochlearis",141.136,0,1976
"1413","HMK037","Keratella2 cochlearis",117.273,0,1977
"1414","HMK037","Keratella2 cochlearis",99.5455,0,1978
"1415","HMK037","Keratella2 cochlearis",113.864,0,1979
"1416","HMK037","Keratella2 cochlearis",139.773,0,1981
"1417","HMK037","Keratella2 cochlearis",145.227,1,1982
"1418","HMK037","Keratella2 cochlearis",128.864,2,1983
"1419","HMK037","Keratella2 cochlearis",127.818,3,1984
"1420","HMK037","Keratella2 cochlearis",128.182,4,1985
"1421","HMK037","Keratella2 cochlearis",132.273,5,1986
"1422","HMK037","Keratella2 cochlearis",109.091,6,1987
"1423","HMK037","Keratella2 cochlearis",123.045,7,1988
"1424","HMK037","Keratella2 cochlearis",145.227,8,1989
"1425","HMK037","Keratella2 cochlearis",134.318,9,1990
"1426","HMK037","Keratella2 cochlearis",139.773,10,1991
"1427","HMK037","Keratella2 cochlearis",96.4545,11,1992
"1428","HMK037","Keratella2 cochlearis",122.045,12,1993
"1429","HMK037","Keratella2 cochlearis",129.545,13,1994
"1430","HMK037","Keratella2 cochlearis",128.864,14,1995
"1431","HMK037","Leptodiaptomus ashlandi",155.643,0,1964
"1432","HMK037","Leptodiaptomus ashlandi",125.179,0,1965
"1433","HMK037","Leptodiaptomus ashlandi",136.786,0,1966
"1434","HMK037","Leptodiaptomus ashlandi",123.393,0,1967
"1435","HMK037","Leptodiaptomus ashlandi",122.607,0,1968
"1436","HMK037","Leptodiaptomus ashlandi",140.357,0,1969
"1437","HMK037","Leptodiaptomus ashlandi",119.821,0,1970
"1438","HMK037","Leptodiaptomus ashlandi",126.071,0,1971
"1439","HMK037","Leptodiaptomus ashlandi",131.536,0,1972
"1440","HMK037","Leptodiaptomus ashlandi",130.536,0,1973
"1441","HMK037","Leptodiaptomus ashlandi",121.607,0,1974
"1442","HMK037","Leptodiaptomus ashlandi",118.929,0,1975
"1443","HMK037","Leptodiaptomus ashlandi",126.179,0,1976
"1444","HMK037","Leptodiaptomus ashlandi",116.25,0,1977
"1445","HMK037","Leptodiaptomus ashlandi",122.5,0,1978
"1446","HMK037","Leptodiaptomus ashlandi",108.214,0,1979
"1447","HMK037","Leptodiaptomus ashlandi",120.821,0,1980
"1448","HMK037","Leptodiaptomus ashlandi",125.179,0,1981
"1449","HMK037","Leptodiaptomus ashlandi",158.214,1,1982
"1450","HMK037","Leptodiaptomus ashlandi",136.786,2,1983
"1451","HMK037","Leptodiaptomus ashlandi",113.679,3,1984
"1452","HMK037","Leptodiaptomus ashlandi",97.5,4,1985
"1453","HMK037","Leptodiaptomus ashlandi",146.607,5,1986
"1454","HMK037","Leptodiaptomus ashlandi",67.1429,6,1987
"1455","HMK037","Leptodiaptomus ashlandi",109.214,7,1988
"1456","HMK037","Leptodiaptomus ashlandi",93.9286,8,1989
"1457","HMK037","Leptodiaptomus ashlandi",91.25,9,1990
"1458","HMK037","Leptodiaptomus ashlandi",139.464,10,1991
"1459","HMK037","Leptodiaptomus ashlandi",125.286,11,1992
"1460","HMK037","Leptodiaptomus ashlandi",108.214,12,1993
"1461","HMK037","Leptodiaptomus ashlandi",135.893,13,1994
"1462","HMK037","Leptodiaptomus ashlandi",133.321,15,1996
"1463","HMK037","Leptodiaptomus ashlandi",153.75,16,1997
"1464","HMK037","Leptodiaptomus ashlandi",95.7143,17,1998
"1465","HMK037","Leptodiaptomus ashlandi",138.571,18,1999
"1466","HMK037","Leptodiaptomus ashlandi",106.536,19,2000
"1467","HMK037","Leptodiaptomus ashlandi",156.429,21,2002
"1468","EMW001","Mnemiopsis1 leidyi",206.625,-30,1951
"1469","EMW001","Mnemiopsis1 leidyi",188.458,-9,1972
"1470","EMW001","Mnemiopsis1 leidyi",197.042,-8,1973
"1471","EMW001","Mnemiopsis1 leidyi",207.625,-5,1976
"1472","EMW001","Mnemiopsis1 leidyi",226.75,2,1983
"1473","EMW001","Mnemiopsis1 leidyi",106.958,21,2002
"1474","HMK035","Mnemiopsis2 leidyi",217.44,-30,1951
"1475","HMK035","Mnemiopsis2 leidyi",194.85,-8,1973
"1476","HMK035","Mnemiopsis2 leidyi",207.656,-5,1976
"1477","HMK035","Mnemiopsis2 leidyi",175.688,19,2000
"1478","HMK035","Mnemiopsis2 leidyi",171.263,20,2001
"1479","HMK035","Mnemiopsis2 leidyi",138.1635,21,2002
"1480","HMK035","Mnemiopsis2 leidyi",164.859,22,2003
"1481","HMK035","Mnemiopsis2 leidyi",158.628,23,2004
"1482","HMK028","Operophtera brumata",140.5084,0,1961
"1483","HMK028","Operophtera brumata",165.6977,0,1962
"1484","HMK028","Operophtera brumata",159.5276,0,1963
"1485","HMK028","Operophtera brumata",201.3834,0,1964
"1486","HMK028","Operophtera brumata",149.6574,0,1965
"1487","HMK028","Operophtera brumata",155.5865,0,1966
"1488","HMK028","Operophtera brumata",157.5645,0,1967
"1489","HMK028","Operophtera brumata",159.4319,0,1968
"1490","HMK028","Operophtera brumata",159.4228,0,1969
"1491","HMK028","Operophtera brumata",156.5864,0,1970
"1492","HMK028","Operophtera brumata",156.5891,0,1971
"1493","HMK028","Operophtera brumata",159.5639,0,1975
"1494","HMK028","Operophtera brumata",162.9218,2,1983
"1495","HMK028","Operophtera brumata",162.5678,3,1984
"1496","HMK028","Operophtera brumata",157.7434,4,1985
"1497","HMK028","Operophtera brumata",165.6478,5,1986
"1498","HMK028","Operophtera brumata",152.688,6,1987
"1499","HMK028","Operophtera brumata",153.6916,7,1988
"1500","HMK028","Operophtera brumata",150.3609,12,1993
"1501","HMK028","Operophtera brumata",152.339,13,1994
"1502","HMK028","Operophtera brumata",145.3051,14,1995
"1503","HMK028","Operophtera brumata",163.3453,15,1996
"1504","HMK028","Operophtera brumata",142.348,16,1997
"1505","HMK028","Operophtera brumata",147.2886,17,1998
"1506","HMK028","Operophtera brumata",145.1934,18,1999
"1507","HMK028","Operophtera brumata",146.3201,19,2000
"1508","HMK028","Operophtera brumata",153.3475,20,2001
"1509","HMK028","Operophtera brumata",143.2277,21,2002
"1510","HMK028","Operophtera brumata",142.2436,22,2003
"1511","HMK028","Operophtera brumata",147.3204,23,2004
"1512","HMK028","Operophtera brumata",147.3108,24,2005
"1513","HMK028","Operophtera brumata",150.277,25,2006
"1514","HMK048","Parus ater",40.6349,4,1985
"1515","HMK048","Parus ater",50.9524,5,1986
"1516","HMK048","Parus ater",41.0317,6,1987
"1517","HMK048","Parus ater",39.0476,7,1988
"1518","HMK048","Parus ater",33.4921,8,1989
"1519","HMK048","Parus ater",27.5397,9,1990
"1520","HMK048","Parus ater",34.2857,11,1992
"1521","HMK048","Parus ater",31.5079,12,1993
"1522","HMK048","Parus ater",38.254,13,1994
"1523","HMK048","Parus ater",39.0476,14,1995
"1524","HMK048","Parus ater",44.2063,15,1996
"1525","HMK048","Parus ater",30.7143,16,1997
"1526","HMK048","Parus ater",33.8889,17,1998
"1527","HMK048","Parus ater",34.6825,18,1999
"1528","HMK048","Parus ater",27.5397,19,2000
"1529","HMK048","Parus ater",41.8254,20,2001
"1530","HMK048","Parus ater",33.4921,21,2002
"1531","HMK048","Parus ater",35.0794,22,2003
"1532","HMK048","Parus ater",35.4762,23,2004
"1533","HMK048","Parus ater",31.9048,24,2005
"1534","HMK038","Parus caeruleus",119.318,-1,1980
"1535","HMK038","Parus caeruleus",110,0,1981
"1536","HMK038","Parus caeruleus",122.273,1,1982
"1537","HMK038","Parus caeruleus",117.045,2,1983
"1538","HMK038","Parus caeruleus",117.273,3,1984
"1539","HMK038","Parus caeruleus",112.273,4,1985
"1540","HMK038","Parus caeruleus",116.818,5,1986
"1541","HMK038","Parus caeruleus",117.273,6,1987
"1542","HMK038","Parus caeruleus",115,7,1988
"1543","HMK038","Parus caeruleus",109.773,8,1989
"1544","HMK038","Parus caeruleus",106.136,9,1990
"1545","HMK038","Parus caeruleus",110,10,1991
"1546","HMK038","Parus caeruleus",111.818,11,1992
"1547","HMK038","Parus caeruleus",116.591,12,1993
"1548","HMK038","Parus caeruleus",110.455,13,1994
"1549","HMK038","Parus caeruleus",119.091,14,1995
"1550","HMK038","Parus caeruleus",119.091,15,1996
"1551","HMK038","Parus caeruleus",118.182,16,1997
"1552","HMK038","Parus caeruleus",113.864,17,1998
"1553","HMK038","Parus caeruleus",107.273,18,1999
"1554","HMK038","Parus caeruleus",110.455,19,2000
"1555","HMK038","Parus caeruleus",115.227,20,2001
"1556","HMK038","Parus caeruleus",111.364,21,2002
"1557","HMK038","Parus caeruleus",116.364,22,2003
"1558","HMK038","Parus caeruleus",111.364,23,2004
"1559","HMK038","Parus caeruleus",109.773,24,2005
"1560","HMK048","Parus_a ater",40.6349,4,1985
"1561","HMK048","Parus_a ater",50.9524,5,1986
"1562","HMK048","Parus_a ater",41.0317,6,1987
"1563","HMK048","Parus_a ater",39.0476,7,1988
"1564","HMK048","Parus_a ater",33.4921,8,1989
"1565","HMK048","Parus_a ater",27.5397,9,1990
"1566","HMK048","Parus_a ater",34.2857,11,1992
"1567","HMK048","Parus_a ater",44.2063,15,1996
"1568","HMK048","Parus_a ater",30.7143,16,1997
"1569","HMK048","Parus_a ater",33.8889,17,1998
"1570","HMK048","Parus_a ater",34.6825,18,1999
"1571","HMK048","Parus_a ater",27.5397,19,2000
"1572","HMK048","Parus_a ater",41.8254,20,2001
"1573","HMK048","Parus_a ater",33.4921,21,2002
"1574","HMK048","Parus_a ater",35.0794,22,2003
"1575","HMK048","Parus_a ater",35.4762,23,2004
"1576","HMK027","Parus1 major",93.9847,0,1961
"1577","HMK027","Parus1 major",109.746,0,1963
"1578","HMK027","Parus1 major",108.713,0,1964
"1579","HMK027","Parus1 major",109.93,0,1965
"1580","HMK027","Parus1 major",105.435,0,1967
"1581","HMK027","Parus1 major",98.5127,0,1968
"1582","HMK027","Parus1 major",112.715,0,1969
"1583","HMK027","Parus1 major",109.949,0,1970
"1584","HMK027","Parus1 major",99.7395,0,1972
"1585","HMK027","Parus1 major",109.613,0,1973
"1586","HMK027","Parus1 major",92.4743,0,1974
"1587","HMK027","Parus1 major",108.755,0,1975
"1588","HMK027","Parus1 major",106.161,0,1976
"1589","HMK027","Parus1 major",93.8708,0,1977
"1590","HMK027","Parus1 major",106.688,0,1978
"1591","HMK027","Parus1 major",105.999,0,1979
"1592","HMK027","Parus1 major",109.986,0,1980
"1593","HMK027","Parus1 major",96.656,0,1981
"1594","HMK027","Parus1 major",102.028,1,1982
"1595","HMK027","Parus1 major",101.165,2,1983
"1596","HMK027","Parus1 major",107.923,3,1984
"1597","HMK027","Parus1 major",100.48,4,1985
"1598","HMK027","Parus1 major",108.103,5,1986
"1599","HMK027","Parus1 major",102.05,7,1988
"1600","HMK027","Parus1 major",92.7025,8,1989
"1601","HMK027","Parus1 major",91.321,9,1990
"1602","HMK027","Parus1 major",97.0387,10,1991
"1603","HMK027","Parus1 major",103.627,12,1993
"1604","HMK027","Parus1 major",91.5091,13,1994
"1605","HMK027","Parus1 major",105.019,14,1995
"1606","HMK027","Parus1 major",99.8313,16,1997
"1607","HMK027","Parus1 major",96.376,18,1999
"1608","HMK027","Parus1 major",101.921,19,2000
"1609","HMK027","Parus1 major",94.6556,21,2002
"1610","HMK027","Parus1 major",105.049,22,2003
"1611","HMK027","Parus1 major",98.4726,23,2004
"1612","HMK048","Parus2 caeruleus",51.8275,4,1985
"1614","HMK048","Parus2 caeruleus",58.0211,5,1986
"1616","HMK048","Parus2 caeruleus",48.6836,6,1987
"1618","HMK048","Parus2 caeruleus",49.0491,7,1988
"1620","HMK048","Parus2 caeruleus",45.1485,8,1989
"1622","HMK048","Parus2 caeruleus",38.9149,9,1990
"1624","HMK048","Parus2 caeruleus",45.0885,11,1992
"1626","HMK048","Parus2 caeruleus",44.6802,12,1993
"1627","HMK048","Parus2 caeruleus",45.8252,13,1994
"1628","HMK048","Parus2 caeruleus",46.9703,14,1995
"1629","HMK048","Parus2 caeruleus",49.6716,15,1996
"1631","HMK048","Parus2 caeruleus",44.9943,16,1997
"1633","HMK048","Parus2 caeruleus",44.9714,17,1998
"1635","HMK048","Parus2 caeruleus",42.6214,18,1999
"1637","HMK048","Parus2 caeruleus",41.0508,19,2000
"1639","HMK048","Parus2 caeruleus",48.0183,20,2001
"1641","HMK048","Parus2 caeruleus",42.9497,21,2002
"1643","HMK048","Parus2 caeruleus",40.9909,22,2003
"1645","HMK048","Parus2 caeruleus",41.7476,23,2004
"1647","HMK048","Parus2 caeruleus",38.2324,24,2005
"1648","HMK028","Parus2 major",112.7814,0,1961
"1649","HMK028","Parus2 major",123.9555,0,1962
"1650","HMK028","Parus2 major",119.9474,0,1963
"1651","HMK028","Parus2 major",125.8057,0,1964
"1652","HMK028","Parus2 major",121.0405,0,1965
"1653","HMK028","Parus2 major",125.8988,0,1966
"1654","HMK028","Parus2 major",120.3117,0,1967
"1655","HMK028","Parus2 major",122.6478,0,1968
"1656","HMK028","Parus2 major",126.0202,0,1969
"1657","HMK028","Parus2 major",126.5061,0,1970
"1658","HMK028","Parus2 major",125.0486,0,1971
"1659","HMK028","Parus2 major",123.4696,0,1975
"1660","HMK028","Parus2 major",120.5547,2,1983
"1661","HMK028","Parus2 major",129.9352,3,1984
"1662","HMK028","Parus2 major",116.9109,4,1985
"1663","HMK028","Parus2 major",130.1498,5,1986
"1664","HMK028","Parus2 major",113.6316,6,1987
"1665","HMK028","Parus2 major",124.7126,7,1988
"1666","HMK028","Parus2 major",112.5385,12,1993
"1667","HMK028","Parus2 major",118.6113,13,1994
"1668","HMK028","Parus2 major",109.9879,14,1995
"1669","HMK028","Parus2 major",121.4332,15,1996
"1670","HMK028","Parus2 major",104.5223,16,1997
"1671","HMK028","Parus2 major",116.9109,17,1998
"1672","HMK028","Parus2 major",114.1174,18,1999
"1673","HMK028","Parus2 major",117.5466,19,2000
"1674","HMK028","Parus2 major",122.9838,20,2001
"1675","HMK028","Parus2 major",104.8866,21,2002
"1676","HMK028","Parus2 major",115.0891,22,2003
"1677","HMK028","Parus2 major",111.2308,23,2004
"1678","HMK028","Parus2 major",113.996,24,2005
"1679","HMK028","Parus2 major",117.0324,25,2006
"1680","HMK051","Parus3 caeruleus",41.8417,17,1998
"1681","HMK051","Parus3 caeruleus",39.7219,18,1999
"1682","HMK051","Parus3 caeruleus",40.3183,19,2000
"1683","HMK051","Parus3 caeruleus",41.2158,20,2001
"1684","HMK051","Parus3 caeruleus",35.1743,21,2002
"1685","HMK051","Parus3 caeruleus",44.2183,22,2003
"1686","HMK051","Parus3 caeruleus",37.5726,23,2004
"1687","HMK051","Parus3 caeruleus",40.2803,24,2005
"1688","HMK051","Parus3 caeruleus",38.1613,25,2006
"1689","HMK051","Parus3 caeruleus",40.5658,26,2007
"1690","HMK051","Parus3 caeruleus",38.145,27,2008
"1691","HMK051","Parus3 caeruleus",43.2673,28,2009
"1692","HMK051","Parus3 caeruleus",45.3716,29,2010
"1693","HMK051","Parus3 caeruleus",41.4407,30,2011
"1694","HMK038","Parus3 major",122.045,-1,1980
"1695","HMK038","Parus3 major",110.455,0,1981
"1696","HMK038","Parus3 major",123.636,1,1982
"1697","HMK038","Parus3 major",113.636,2,1983
"1698","HMK038","Parus3 major",122.727,3,1984
"1699","HMK038","Parus3 major",117.5,4,1985
"1700","HMK038","Parus3 major",117.273,5,1986
"1701","HMK038","Parus3 major",115.909,6,1987
"1702","HMK038","Parus3 major",119.318,7,1988
"1703","HMK038","Parus3 major",112.273,8,1989
"1704","HMK038","Parus3 major",107.5,9,1990
"1705","HMK038","Parus3 major",118.182,10,1991
"1706","HMK038","Parus3 major",113.182,11,1992
"1707","HMK038","Parus3 major",118.182,12,1993
"1708","HMK038","Parus3 major",112.727,13,1994
"1709","HMK038","Parus3 major",119.091,14,1995
"1710","HMK038","Parus3 major",116.818,15,1996
"1711","HMK038","Parus3 major",122.045,16,1997
"1712","HMK038","Parus3 major",116.136,17,1998
"1713","HMK038","Parus3 major",107.955,18,1999
"1714","HMK038","Parus3 major",111.591,19,2000
"1715","HMK038","Parus3 major",117.955,20,2001
"1716","HMK038","Parus3 major",114.545,21,2002
"1717","HMK038","Parus3 major",117.955,22,2003
"1718","HMK038","Parus3 major",111.136,23,2004
"1719","HMK038","Parus3 major",110.227,24,2005
"1720","HMK048","Parus4a major",46.155,4,1985
"1721","HMK048","Parus4a major",55.8982,5,1986
"1722","HMK048","Parus4a major",45.3316,6,1987
"1723","HMK048","Parus4a major",48.4397,7,1988
"1724","HMK048","Parus4a major",44.9016,8,1989
"1725","HMK048","Parus4a major",41.757,9,1990
"1726","HMK048","Parus4a major",40.5486,11,1992
"1727","HMK048","Parus4a major",45.9976,12,1993
"1728","HMK048","Parus4a major",43.6314,13,1994
"1729","HMK048","Parus4a major",48.302,14,1995
"1730","HMK048","Parus4a major",48.2852,15,1996
"1731","HMK048","Parus4a major",42.0127,16,1997
"1732","HMK048","Parus4a major",43.5527,17,1998
"1733","HMK048","Parus4a major",41.5799,18,1999
"1734","HMK048","Parus4a major",38.8315,19,2000
"1735","HMK048","Parus4a major",50.1371,20,2001
"1736","HMK048","Parus4a major",43.8675,21,2002
"1737","HMK048","Parus4a major",41.1134,22,2003
"1738","HMK048","Parus4a major",41.4816,23,2004
"1739","HMK048","Parus4a major",36.3894,24,2005
"1740","HMK048","Parus4b major",46.155,4,1985
"1741","HMK048","Parus4b major",55.8982,5,1986
"1742","HMK048","Parus4b major",45.3316,6,1987
"1743","HMK048","Parus4b major",48.4397,7,1988
"1744","HMK048","Parus4b major",44.9016,8,1989
"1745","HMK048","Parus4b major",41.757,9,1990
"1746","HMK048","Parus4b major",40.5486,11,1992
"1747","HMK048","Parus4b major",48.2852,15,1996
"1748","HMK048","Parus4b major",42.0127,16,1997
"1749","HMK048","Parus4b major",43.5527,17,1998
"1750","HMK048","Parus4b major",41.5799,18,1999
"1751","HMK048","Parus4b major",38.8315,19,2000
"1752","HMK048","Parus4b major",50.1371,20,2001
"1753","HMK048","Parus4b major",43.8675,21,2002
"1754","HMK048","Parus4b major",41.1134,22,2003
"1755","HMK048","Parus4b major",41.4816,23,2004
"1756","HMK051","Parus6 major",46.9047,15,1996
"1757","HMK051","Parus6 major",59.4296,16,1997
"1758","HMK051","Parus6 major",47.8076,17,1998
"1759","HMK051","Parus6 major",47.1877,18,1999
"1760","HMK051","Parus6 major",48.0969,19,2000
"1761","HMK051","Parus6 major",43.8103,20,2001
"1762","HMK051","Parus6 major",39.523,21,2002
"1763","HMK051","Parus6 major",46.8514,22,2003
"1764","HMK051","Parus6 major",40.4244,23,2004
"1765","HMK051","Parus6 major",45.3074,24,2005
"1766","HMK051","Parus6 major",40.4095,25,2006
"1767","HMK051","Parus6 major",44.3762,26,2007
"1768","HMK051","Parus6 major",41.3108,27,2008
"1769","HMK051","Parus6 major",46.5003,28,2009
"1770","HMK051","Parus6 major",46.7981,29,2010
"1771","HMK051","Parus6 major",43.4278,30,2011
"1772","HMK019","Perca fluviatillis",146.943,0,1969
"1773","HMK019","Perca fluviatillis",142.4035,0,1970
"1774","HMK019","Perca fluviatillis",139.977,0,1971
"1775","HMK019","Perca fluviatillis",143.5655,0,1972
"1776","HMK019","Perca fluviatillis",142.2105,0,1973
"1777","HMK019","Perca fluviatillis",138.198,0,1974
"1778","HMK019","Perca fluviatillis",140.177,0,1975
"1779","HMK019","Perca fluviatillis",142.6785,0,1976
"1780","HMK019","Perca fluviatillis",148.327,0,1977
"1781","HMK019","Perca fluviatillis",145.719,0,1978
"1782","HMK019","Perca fluviatillis",143.0605,0,1979
"1783","HMK019","Perca fluviatillis",132.825,0,1980
"1784","HMK019","Perca fluviatillis",141.7125,0,1981
"1785","HMK019","Perca fluviatillis",131.427,1,1982
"1786","HMK019","Perca fluviatillis",137.11,2,1983
"1787","HMK019","Perca fluviatillis",130.015,3,1984
"1788","HMK019","Perca fluviatillis",139.4585,5,1986
"1789","HMK019","Perca fluviatillis",129.187,6,1987
"1790","HMK019","Perca fluviatillis",133.715,8,1989
"1791","HMK019","Perca fluviatillis",129.6245,9,1990
"1792","HMK019","Perca fluviatillis",134.485,10,1991
"1793","HMK019","Perca fluviatillis",131.457,11,1992
"1794","HMK019","Perca fluviatillis",127.515,12,1993
"1795","HMK019","Perca fluviatillis",129.112,13,1994
"1796","HMK019","Perca fluviatillis",128.683,14,1995
"1797","HMK019","Perca fluviatillis",140.108,15,1996
"1798","HMK019","Perca fluviatillis",129.181,16,1997
"1799","HMK019","Perca fluviatillis",128.187,17,1998
"1800","HMK019","Perca fluviatillis",125.8805,18,1999
"1801","HMK019","Perca fluviatillis",126.424,19,2000
"1802","HMK019","Perca fluviatillis",135.3075,20,2001
"1803","HMK019","Perca fluviatillis",124.3945,21,2002
"1804","HMK019","Perca fluviatillis",130.897,22,2003
"1805","HMK019","Perca fluviatillis",126.7665,24,2005
"1806","HMK019","Perca fluviatillis",130.5205,25,2006
"1807","HMK019","Perca fluviatillis",126.487,27,2008
"1808","SET005","Phalacrocorax aristotelis",167.6403,2,1983
"1809","SET005","Phalacrocorax aristotelis",185.146,3,1984
"1810","SET005","Phalacrocorax aristotelis",211.44,4,1985
"1811","SET005","Phalacrocorax aristotelis",198.3641,5,1986
"1812","SET005","Phalacrocorax aristotelis",173.4949,6,1987
"1813","SET005","Phalacrocorax aristotelis",201.2084,7,1988
"1814","SET005","Phalacrocorax aristotelis",184.2241,8,1989
"1815","SET005","Phalacrocorax aristotelis",198.553,9,1990
"1816","SET005","Phalacrocorax aristotelis",194.867,10,1991
"1817","SET005","Phalacrocorax aristotelis",178.0927,11,1992
"1818","SET005","Phalacrocorax aristotelis",230.175,12,1993
"1819","SET005","Phalacrocorax aristotelis",199.6049,13,1994
"1820","SET005","Phalacrocorax aristotelis",156.5325,14,1995
"1821","SET005","Phalacrocorax aristotelis",176.7685,15,1996
"1822","SET005","Phalacrocorax aristotelis",156.4065,16,1997
"1823","SET005","Phalacrocorax aristotelis",186.0628,17,1998
"1824","SET005","Phalacrocorax aristotelis",197.2594,18,1999
"1825","SET005","Phalacrocorax aristotelis",183.4031,19,2000
"1826","SET005","Phalacrocorax aristotelis",178.8799,20,2001
"1827","SET005","Phalacrocorax aristotelis",175.3825,21,2002
"1828","SET005","Phalacrocorax aristotelis",157.2935,22,2003
"1829","SET005","Phalacrocorax aristotelis",185.9462,23,2004
"1830","SET005","Phalacrocorax aristotelis",201.7639,24,2005
"1831","SET005","Phalacrocorax aristotelis",185.829,25,2006
"1832","HMK019","Phytoplankton1 spp.",109.8085,0,1969
"1833","HMK019","Phytoplankton1 spp.",124.352,0,1970
"1834","HMK019","Phytoplankton1 spp.",100.53485,0,1971
"1835","HMK019","Phytoplankton1 spp.",109.654,0,1972
"1836","HMK019","Phytoplankton1 spp.",76.8018,0,1973
"1837","HMK019","Phytoplankton1 spp.",86.52195,0,1974
"1838","HMK019","Phytoplankton1 spp.",98.84105,0,1975
"1839","HMK019","Phytoplankton1 spp.",82.2223,0,1976
"1840","HMK019","Phytoplankton1 spp.",94.9844,0,1977
"1841","HMK019","Phytoplankton1 spp.",107.708,0,1978
"1842","HMK019","Phytoplankton1 spp.",108.8071,0,1979
"1843","HMK019","Phytoplankton1 spp.",94.99155,0,1980
"1844","HMK019","Phytoplankton1 spp.",98.415,0,1981
"1845","HMK019","Phytoplankton1 spp.",102.1298,1,1982
"1846","HMK019","Phytoplankton1 spp.",100.1954,2,1983
"1847","HMK019","Phytoplankton1 spp.",104.29995,3,1984
"1848","HMK019","Phytoplankton1 spp.",79.49615,5,1986
"1849","HMK019","Phytoplankton1 spp.",100.87045,6,1987
"1850","HMK019","Phytoplankton1 spp.",94.3999,7,1988
"1851","HMK019","Phytoplankton1 spp.",102.39595,8,1989
"1852","HMK019","Phytoplankton1 spp.",76.9364,9,1990
"1853","HMK019","Phytoplankton1 spp.",73.9246,10,1991
"1854","HMK019","Phytoplankton1 spp.",93.1373,11,1992
"1855","HMK019","Phytoplankton1 spp.",67.89555,12,1993
"1856","HMK019","Phytoplankton1 spp.",84.0984,13,1994
"1857","HMK019","Phytoplankton1 spp.",100.27695,14,1995
"1858","HMK019","Phytoplankton1 spp.",101.441,15,1996
"1859","HMK019","Phytoplankton1 spp.",73.538,16,1997
"1860","HMK019","Phytoplankton1 spp.",89.07065,17,1998
"1861","HMK019","Phytoplankton1 spp.",92.10455,18,1999
"1862","HMK019","Phytoplankton1 spp.",84.13685,19,2000
"1863","HMK019","Phytoplankton1 spp.",96.441,20,2001
"1864","HMK019","Phytoplankton1 spp.",86.2943,21,2002
"1865","HMK019","Phytoplankton1 spp.",85.219,22,2003
"1866","HMK019","Phytoplankton1 spp.",83.508,24,2005
"1867","HMK019","Phytoplankton1 spp.",83.95085,25,2006
"1868","HMK019","Phytoplankton1 spp.",83.10485,27,2008
"1869","HMK034","Phytoplankton2 spp.",117.931,0,1974
"1870","HMK034","Phytoplankton2 spp.",100.345,0,1975
"1871","HMK034","Phytoplankton2 spp.",106.5515,0,1977
"1872","HMK034","Phytoplankton2 spp.",114.828,0,1978
"1873","HMK034","Phytoplankton2 spp.",108.621,0,1980
"1874","HMK034","Phytoplankton2 spp.",95.1724,0,1981
"1875","HMK034","Phytoplankton2 spp.",102.414,2,1983
"1876","HMK034","Phytoplankton2 spp.",121.034,3,1984
"1877","HMK034","Phytoplankton2 spp.",116.897,5,1986
"1878","HMK034","Phytoplankton2 spp.",93.1034,7,1988
"1879","HMK034","Phytoplankton2 spp.",92.069,10,1991
"1880","HMK034","Phytoplankton2 spp.",101.379,11,1992
"1881","HMK034","Phytoplankton2 spp.",88.9655,12,1993
"1882","HMK034","Phytoplankton2 spp.",87.931,13,1994
"1883","HMK052","Pica pica",19,24,2005
"1884","HMK052","Pica pica",22,25,2006
"1885","HMK052","Pica pica",21.5,26,2007
"1886","HMK052","Pica pica",12,27,2008
"1887","HMK052","Pica pica",16,28,2009
"1888","HMK052","Pica pica",26,29,2010
"1889","HMK052","Pica pica",18,30,2011
"1890","HMK052","Pica pica",18,31,2012
"1891","HMK052","Pica pica",20,32,2013
"1892","HMK030","Plant2 spp.",157.228,21,2002
"1893","HMK030","Plant2 spp.",156.581,22,2003
"1894","HMK030","Plant2 spp.",156.441,23,2004
"1895","HMK030","Plant2 spp.",158.199,24,2005
"1896","HMK030","Plant2 spp.",144.767,25,2006
"1897","HMK030","Plant2 spp.",154.626,26,2007
"1898","HMK030","Plant2 spp.",144.739,27,2008
"1899","HMK030","Plant2 spp.",152.319,28,2009
"1900","HMK030","Plant2 spp.",139.014,29,2010
"1901","HMK030","Plant2 spp.",147.101,30,2011
"1902","HMK033","Plant3 spp.",148.901,11,1992
"1903","HMK033","Plant3 spp.",170.207,12,1993
"1904","HMK033","Plant3 spp.",155.959,13,1994
"1905","HMK033","Plant3 spp.",204.697,14,1995
"1906","HMK033","Plant3 spp.",158.957,15,1996
"1907","HMK033","Plant3 spp.",176.201,16,1997
"1908","HMK033","Plant3 spp.",163.985,17,1998
"1909","HMK033","Plant3 spp.",165.993,18,1999
"1910","HMK033","Plant3 spp.",148.189,19,2000
"1911","HMK033","Plant3 spp.",150.703,20,2001
"1912","HMK033","Plant3 spp.",167.922,22,2003
"1913","HMK033","Plant3 spp.",172.975,23,2004
"1914","HMK033","Plant3 spp.",174.475,24,2005
"1915","HMK033","Plant3 spp.",149.56,25,2006
"1916","HMK033","Plant3 spp.",137.343,26,2007
"1917","HMK033","Plant3 spp.",175.922,27,2008
"1918","HMK033","Plant3 spp.",154.056,28,2009
"1919","HMK033","Plant3 spp.",158.6,29,2010
"1920","HMK033","Plant3 spp.",187.527,30,2011
"1921","HMK043","Pleurobrachia pileus",140,0,1976
"1922","HMK043","Pleurobrachia pileus",140,0,1977
"1923","HMK043","Pleurobrachia pileus",123.2,0,1978
"1924","HMK043","Pleurobrachia pileus",132.65,0,1979
"1925","HMK043","Pleurobrachia pileus",151.55,0,1981
"1926","HMK043","Pleurobrachia pileus",125.3,1,1982
"1927","HMK043","Pleurobrachia pileus",129.5,2,1983
"1928","HMK043","Pleurobrachia pileus",158.9,3,1984
"1929","HMK043","Pleurobrachia pileus",144.2,4,1985
"1930","HMK043","Pleurobrachia pileus",156.8,5,1986
"1931","HMK043","Pleurobrachia pileus",167.3,6,1987
"1932","HMK043","Pleurobrachia pileus",106.4,7,1988
"1933","HMK043","Pleurobrachia pileus",91.7,8,1989
"1934","HMK043","Pleurobrachia pileus",74.9,9,1990
"1935","HMK043","Pleurobrachia pileus",114.8,10,1991
"1936","HMK043","Pleurobrachia pileus",85.4,11,1992
"1937","HMK043","Pleurobrachia pileus",79.1,12,1993
"1938","HMK043","Pleurobrachia pileus",112.7,13,1994
"1939","HMK043","Pleurobrachia pileus",125.3,14,1995
"1940","HMK043","Pleurobrachia pileus",144.2,15,1996
"1941","HMK043","Pleurobrachia pileus",110.6,16,1997
"1942","HMK043","Pleurobrachia pileus",106.4,17,1998
"1943","HMK043","Pleurobrachia pileus",110.6,18,1999
"1944","HMK043","Pleurobrachia pileus",68.6,19,2000
"1945","HMK043","Pleurobrachia pileus",81.2,20,2001
"1946","HMK043","Pleurobrachia pileus",70.7,21,2002
"1947","HMK043","Pleurobrachia pileus",106.4,22,2003
"1948","HMK043","Pleurobrachia_a pileus",140,-5,1976
"1949","HMK043","Pleurobrachia_a pileus",123.2,-3,1978
"1950","HMK043","Pleurobrachia_a pileus",132.65,-2,1979
"1951","HMK043","Pleurobrachia_a pileus",151.55,0,1981
"1952","HMK043","Pleurobrachia_a pileus",125.3,1,1982
"1953","HMK043","Pleurobrachia_a pileus",129.5,2,1983
"1954","HMK043","Pleurobrachia_a pileus",158.9,3,1984
"1955","HMK043","Pleurobrachia_a pileus",144.2,4,1985
"1956","HMK043","Pleurobrachia_a pileus",156.8,5,1986
"1957","HMK043","Pleurobrachia_a pileus",167.3,6,1987
"1958","HMK043","Pleurobrachia_a pileus",106.4,7,1988
"1959","HMK043","Pleurobrachia_a pileus",91.7,8,1989
"1960","HMK043","Pleurobrachia_a pileus",74.9,9,1990
"1961","HMK043","Pleurobrachia_a pileus",114.8,10,1991
"1962","HMK043","Pleurobrachia_a pileus",85.4,11,1992
"1963","HMK043","Pleurobrachia_a pileus",79.1,12,1993
"1964","HMK043","Pleurobrachia_a pileus",112.7,13,1994
"1965","HMK043","Pleurobrachia_a pileus",125.3,14,1995
"1966","HMK043","Pleurobrachia_a pileus",144.2,15,1996
"1967","HMK043","Pleurobrachia_a pileus",110.6,16,1997
"1968","HMK043","Pleurobrachia_a pileus",106.4,17,1998
"1969","HMK043","Pleurobrachia_a pileus",110.6,18,1999
"1970","HMK043","Pleurobrachia_a pileus",68.6,19,2000
"1971","HMK043","Pleurobrachia_a pileus",81.2,20,2001
"1972","HMK043","Pleurobrachia_a pileus",70.7,21,2002
"1973","HMK043","Pleurobrachia_a pileus",106.4,22,2003
"1974","HMK043","Pleurobrachia_a pileus",108.5,23,2004
"1975","HMK011","Poecile montanus",130.7477,15,1996
"1976","HMK011","Poecile montanus",139.6457,16,1997
"1977","HMK011","Poecile montanus",135.3756,17,1998
"1978","HMK011","Poecile montanus",130.4458,18,1999
"1979","HMK011","Poecile montanus",132.758,19,2000
"1980","HMK011","Poecile montanus",133.1005,20,2001
"1981","HMK011","Poecile montanus",127.8414,21,2002
"1982","HMK011","Poecile montanus",136.0817,22,2003
"1983","HMK011","Poecile montanus",129.8321,23,2004
"1984","HMK011","Poecile montanus",131.4894,24,2005
"1985","HMK011","Poecile montanus",129.8518,25,2006
"1986","HMK011","Poecile montanus",131.5084,26,2007
"1987","HMK011","Poecile montanus",130.859,27,2008
"1988","HMK011","Poecile montanus",133.5005,28,2009
"1989","HMK018","Pygoscelis adeliae",126,10,1991
"1990","HMK018","Pygoscelis adeliae",124,11,1992
"1991","HMK018","Pygoscelis adeliae",118,12,1993
"1992","HMK018","Pygoscelis adeliae",128,13,1994
"1993","HMK018","Pygoscelis adeliae",120,14,1995
"1994","HMK018","Pygoscelis adeliae",120,15,1996
"1995","HMK018","Pygoscelis adeliae",120,16,1997
"1997","HMK018","Pygoscelis adeliae",120,17,1998
"1999","HMK018","Pygoscelis adeliae",122,18,1999
"2001","HMK018","Pygoscelis adeliae",121,19,2000
"2003","HMK018","Pygoscelis adeliae",117,20,2001
"2005","HMK018","Pygoscelis adeliae",125,21,2002
"2007","HMK018","Pygoscelis adeliae",121,22,2003
"2009","HMK018","Pygoscelis adeliae",119,23,2004
"2011","HMK018","Pygoscelis adeliae",126.5,24,2005
"2013","HMK018","Pygoscelis adeliae",127,25,2006
"2015","HMK018","Pygoscelis adeliae",135,26,2007
"2016","HMK018","Pygoscelis antarcticus",146,16,1997
"2018","HMK018","Pygoscelis antarcticus",142,17,1998
"2020","HMK018","Pygoscelis antarcticus",141,18,1999
"2022","HMK018","Pygoscelis antarcticus",142,19,2000
"2024","HMK018","Pygoscelis antarcticus",141,20,2001
"2026","HMK018","Pygoscelis antarcticus",146,21,2002
"2028","HMK018","Pygoscelis antarcticus",143,22,2003
"2030","HMK018","Pygoscelis antarcticus",146,23,2004
"2032","HMK018","Pygoscelis antarcticus",140,24,2005
"2034","HMK018","Pygoscelis antarcticus",138,25,2006
"2036","HMK018","Pygoscelis papua",137,10,1991
"2037","HMK018","Pygoscelis papua",133,11,1992
"2038","HMK018","Pygoscelis papua",125,12,1993
"2039","HMK018","Pygoscelis papua",138,13,1994
"2040","HMK018","Pygoscelis papua",121,14,1995
"2041","HMK018","Pygoscelis papua",126,15,1996
"2042","HMK018","Pygoscelis papua",125,16,1997
"2044","HMK018","Pygoscelis papua",133,17,1998
"2046","HMK018","Pygoscelis papua",131.5,18,1999
"2048","HMK018","Pygoscelis papua",131.5,19,2000
"2050","HMK018","Pygoscelis papua",123,20,2001
"2052","HMK018","Pygoscelis papua",140.5,21,2002
"2054","HMK018","Pygoscelis papua",134.5,22,2003
"2056","HMK018","Pygoscelis papua",133,23,2004
"2058","HMK018","Pygoscelis papua",130.5,24,2005
"2060","HMK018","Pygoscelis papua",125,25,2006
"2062","HMK018","Pygoscelis papua",141,26,2007
"2063","HMK004","Quercus spp.",99.6054,1,1982
"2064","HMK004","Quercus spp.",92.7749,2,1983
"2065","HMK004","Quercus spp.",100.0908,3,1984
"2066","HMK004","Quercus spp.",107.67,4,1985
"2067","HMK004","Quercus spp.",92.4126,5,1986
"2068","HMK004","Quercus spp.",115.786,6,1987
"2069","HMK004","Quercus spp.",95.9811,7,1988
"2070","HMK027","Quercus2 robur",96.0599,0,1961
"2071","HMK027","Quercus2 robur",112.912,0,1962
"2072","HMK027","Quercus2 robur",117.151,0,1964
"2073","HMK027","Quercus2 robur",105.852,0,1965
"2074","HMK027","Quercus2 robur",114.039,0,1968
"2075","HMK027","Quercus2 robur",110.115,0,1970
"2076","HMK027","Quercus2 robur",103.553,0,1971
"2077","HMK027","Quercus2 robur",115.669,0,1972
"2078","HMK027","Quercus2 robur",95.6802,0,1973
"2079","HMK027","Quercus2 robur",113.848,0,1974
"2080","HMK027","Quercus2 robur",111.229,0,1975
"2081","HMK027","Quercus2 robur",112.294,0,1976
"2082","HMK027","Quercus2 robur",115.724,0,1977
"2083","HMK027","Quercus2 robur",111.791,0,1978
"2084","HMK027","Quercus2 robur",121.276,0,1979
"2085","HMK027","Quercus2 robur",99.1814,0,1980
"2086","HMK027","Quercus2 robur",111.032,0,1981
"2087","HMK027","Quercus2 robur",109.994,1,1982
"2088","HMK027","Quercus2 robur",113.163,2,1983
"2089","HMK027","Quercus2 robur",110.543,3,1984
"2090","HMK027","Quercus2 robur",112.934,5,1986
"2091","HMK027","Quercus2 robur",101.376,7,1988
"2092","HMK027","Quercus2 robur",93.2322,8,1989
"2093","HMK027","Quercus2 robur",106.67,10,1991
"2094","HMK027","Quercus2 robur",106.167,12,1993
"2095","HMK027","Quercus2 robur",107.232,13,1994
"2096","HMK027","Quercus2 robur",112.901,14,1995
"2097","HMK027","Quercus2 robur",105.427,16,1997
"2098","HMK027","Quercus2 robur",99.9133,17,1998
"2099","HMK027","Quercus2 robur",103.6155,19,2000
"2100","HMK027","Quercus2 robur",101.66475,21,2002
"2101","HMK027","Quercus2 robur",106.425,23,2004
"2102","HMK027","Quercus2 robur",109.994,25,2006
"2103","HMK027","Quercus2 robur",99.743,26,2007
"2104","HMK048","Quercus3 robur",33.2699,7,1988
"2105","HMK048","Quercus3 robur",25.5849,8,1989
"2106","HMK048","Quercus3 robur",27.8998,9,1990
"2107","HMK048","Quercus3 robur",40.8691,11,1992
"2108","HMK048","Quercus3 robur",25.1861,12,1993
"2109","HMK048","Quercus3 robur",30.1677,13,1994
"2110","HMK048","Quercus3 robur",29.82,14,1995
"2111","HMK048","Quercus3 robur",38.135,15,1996
"2112","HMK048","Quercus3 robur",35.1186,16,1997
"2113","HMK048","Quercus3 robur",30.4356,17,1998
"2114","HMK048","Quercus3 robur",26.4192,18,1999
"2115","HMK048","Quercus3 robur",29.0695,19,2000
"2116","HMK048","Quercus3 robur",37.0532,20,2001
"2117","HMK048","Quercus3 robur",30.3701,21,2002
"2118","HMK048","Quercus3 robur",26.3538,22,2003
"2119","HMK048","Quercus3 robur",25.3374,23,2004
"2120","HMK048","Quercus3 robur",26.319,24,2005
"2121","HMK030","Rangifer2 tarandus",159.115,21,2002
"2122","HMK030","Rangifer2 tarandus",155.301,22,2003
"2123","HMK030","Rangifer2 tarandus",159.354,23,2004
"2124","HMK030","Rangifer2 tarandus",155.539,24,2005
"2125","HMK030","Rangifer2 tarandus",157.435,25,2006
"2126","HMK030","Rangifer2 tarandus",156.793,26,2007
"2127","HMK030","Rangifer2 tarandus",152.851,27,2008
"2128","HMK030","Rangifer2 tarandus",155.001,28,2009
"2129","HMK030","Rangifer2 tarandus",157.405,29,2010
"2130","HMK030","Rangifer2 tarandus",156.381,30,2011
"2131","HMK039","Rissa1 tridactyla",135.867,0,1973
"2132","HMK039","Rissa1 tridactyla",128.205,0,1974
"2133","HMK039","Rissa1 tridactyla",124.072,0,1975
"2134","HMK039","Rissa1 tridactyla",128.763,0,1976
"2135","HMK039","Rissa1 tridactyla",123.455,0,1977
"2136","HMK039","Rissa1 tridactyla",143.146,0,1978
"2137","HMK039","Rissa1 tridactyla",139.896,0,1979
"2138","HMK039","Rissa1 tridactyla",134.587,0,1980
"2139","HMK039","Rissa1 tridactyla",146.925,0,1981
"2140","HMK039","Rissa1 tridactyla",133.676,1,1982
"2141","HMK039","Rissa1 tridactyla",140.132,2,1983
"2142","HMK039","Rissa1 tridactyla",140.705,3,1984
"2143","HMK039","Rissa1 tridactyla",143.631,4,1985
"2144","HMK039","Rissa1 tridactyla",158.617,5,1986
"2145","HMK039","Rissa1 tridactyla",161.544,6,1987
"2146","HMK039","Rissa1 tridactyla",136.823,7,1988
"2147","HMK039","Rissa1 tridactyla",136.807,8,1989
"2148","HMK039","Rissa1 tridactyla",128.851,9,1990
"2149","HMK039","Rissa1 tridactyla",139.72,10,1991
"2150","HMK039","Rissa1 tridactyla",138.529,11,1992
"2151","HMK039","Rissa1 tridactyla",157.044,12,1993
"2152","HMK039","Rissa1 tridactyla",157.029,13,1994
"2153","HMK039","Rissa1 tridactyla",144.661,14,1995
"2154","SET005","Rissa2 tridactyla",188.3236,2,1983
"2155","SET005","Rissa2 tridactyla",186.209,3,1984
"2156","SET005","Rissa2 tridactyla",194.397,4,1985
"2157","SET005","Rissa2 tridactyla",188.8935,5,1986
"2158","SET005","Rissa2 tridactyla",183.1803,6,1987
"2159","SET005","Rissa2 tridactyla",186.2381,7,1988
"2160","SET005","Rissa2 tridactyla",177.8367,8,1989
"2161","SET005","Rissa2 tridactyla",181.6119,9,1990
"2162","SET005","Rissa2 tridactyla",184.9961,10,1991
"2163","SET005","Rissa2 tridactyla",180.8311,11,1992
"2164","SET005","Rissa2 tridactyla",183.0785,12,1993
"2165","SET005","Rissa2 tridactyla",197.3493,13,1994
"2166","SET005","Rissa2 tridactyla",195.5882,14,1995
"2167","SET005","Rissa2 tridactyla",205.273,15,1996
"2168","SET005","Rissa2 tridactyla",189.462,16,1997
"2169","SET005","Rissa2 tridactyla",192.9487,17,1998
"2170","SET005","Rissa2 tridactyla",195.6063,18,1999
"2171","SET005","Rissa2 tridactyla",185.295,19,2000
"2172","SET005","Rissa2 tridactyla",196.403,20,2001
"2173","SET005","Rissa2 tridactyla",189.4001,21,2002
"2174","SET005","Rissa2 tridactyla",188.9561,22,2003
"2175","SET005","Rissa2 tridactyla",204.0309,23,2004
"2176","SET005","Rissa2 tridactyla",211.3127,24,2005
"2177","SET005","Rissa2 tridactyla",206.4742,25,2006
"2178","HMK008","Selasphorus platycercus",135.0237,-6,1975
"2180","HMK008","Selasphorus platycercus",136.4563,-2,1979
"2182","HMK008","Selasphorus platycercus",138.321,-1,1980
"2184","HMK008","Selasphorus platycercus",133.4288,0,1981
"2186","HMK008","Selasphorus platycercus",135.0248,1,1982
"2187","HMK008","Selasphorus platycercus",147.6623,2,1983
"2189","HMK008","Selasphorus platycercus",105.56655,3,1984
"2192","HMK008","Selasphorus platycercus",111.87816,4,1985
"2194","HMK008","Selasphorus platycercus",117.4038,5,1986
"2197","HMK008","Selasphorus platycercus",104.1018,6,1987
"2200","HMK008","Selasphorus platycercus",137.2863,7,1988
"2203","HMK008","Selasphorus platycercus",124.44905,8,1989
"2206","HMK008","Selasphorus platycercus",118.3513,10,1991
"2209","HMK008","Selasphorus platycercus",117.2051,11,1992
"2210","HMK008","Selasphorus platycercus",125.48115,12,1993
"2213","HMK008","Selasphorus platycercus",120.24725,13,1994
"2214","HMK008","Selasphorus platycercus",122.9208,14,1995
"2217","HMK008","Selasphorus platycercus",139.1117,15,1996
"2219","HMK008","Selasphorus platycercus",114.09895,16,1997
"2222","HMK008","Selasphorus platycercus",134.0889,17,1998
"2224","HMK008","Selasphorus platycercus",134.1332,18,1999
"2227","HMK008","Selasphorus platycercus",116.26345,19,2000
"2229","HMK008","Selasphorus platycercus",95.23505,20,2001
"2232","HMK008","Selasphorus platycercus",125.7198,21,2002
"2234","HMK008","Selasphorus platycercus",126.27915,22,2003
"2237","HMK008","Selasphorus platycercus",124.6918,23,2004
"2239","HMK008","Selasphorus platycercus",129.1695,24,2005
"2241","HMK008","Selasphorus platycercus",136.8343,25,2006
"2243","HMK008","Selasphorus platycercus",111.7822,26,2007
"2245","HMK008","Selasphorus platycercus",122.6224,27,2008
"2248","HMK008","Selasphorus platycercus",107.19982,28,2009
"2251","HMK008","Selasphorus platycercus",119.7149,29,2010
"2254","HMK008","Selasphorus platycercus",140.2216,30,2011
"2255","HMK038","Sitta europaea",108.409,-1,1980
"2256","HMK038","Sitta europaea",102.5,0,1981
"2257","HMK038","Sitta europaea",112.5,1,1982
"2258","HMK038","Sitta europaea",102.955,2,1983
"2259","HMK038","Sitta europaea",112.045,3,1984
"2260","HMK038","Sitta europaea",107.5,4,1985
"2261","HMK038","Sitta europaea",108.636,5,1986
"2262","HMK038","Sitta europaea",104.773,6,1987
"2263","HMK038","Sitta europaea",108.409,7,1988
"2264","HMK038","Sitta europaea",106.818,8,1989
"2265","HMK038","Sitta europaea",101.818,9,1990
"2266","HMK038","Sitta europaea",109.318,10,1991
"2267","HMK038","Sitta europaea",104.318,11,1992
"2268","HMK038","Sitta europaea",107.955,12,1993
"2269","HMK038","Sitta europaea",105.909,13,1994
"2270","HMK038","Sitta europaea",111.364,14,1995
"2271","HMK038","Sitta europaea",109.545,15,1996
"2272","HMK038","Sitta europaea",114.091,16,1997
"2273","HMK038","Sitta europaea",103.409,17,1998
"2274","HMK038","Sitta europaea",101.591,18,1999
"2275","HMK038","Sitta europaea",103.409,19,2000
"2276","HMK038","Sitta europaea",106.136,20,2001
"2277","HMK038","Sitta europaea",102.273,21,2002
"2278","HMK038","Sitta europaea",115,22,2003
"2279","HMK038","Sitta europaea",100.682,23,2004
"2280","HMK038","Sitta europaea",104.318,24,2005
"2281","HMK033","Syrphid spp.",161.093,11,1992
"2282","HMK033","Syrphid spp.",176.813,12,1993
"2283","HMK033","Syrphid spp.",159.518,13,1994
"2284","HMK033","Syrphid spp.",190.476,14,1995
"2285","HMK033","Syrphid spp.",169.625,15,1996
"2286","HMK033","Syrphid spp.",179.252,16,1997
"2287","HMK033","Syrphid spp.",175.162,17,1998
"2288","HMK033","Syrphid spp.",170.056,18,1999
"2289","HMK033","Syrphid spp.",154.286,19,2000
"2290","HMK033","Syrphid spp.",167.465,20,2001
"2291","HMK033","Syrphid spp.",168.94,22,2003
"2292","HMK033","Syrphid spp.",149.613,23,2004
"2293","HMK033","Syrphid spp.",169.905,24,2005
"2294","HMK033","Syrphid spp.",176.99,25,2006
"2295","HMK033","Syrphid spp.",150.045,26,2007
"2296","HMK033","Syrphid spp.",184.05,27,2008
"2297","HMK033","Syrphid spp.",161.167,28,2009
"2298","HMK033","Syrphid spp.",194.132,29,2010
"2299","HMK033","Syrphid spp.",173.308,30,2011
"2300","HMK031","Thermocyclops oithonoides",256.6669,4,1985
"2301","HMK031","Thermocyclops oithonoides",279.4813,5,1986
"2302","HMK031","Thermocyclops oithonoides",262.8892,6,1987
"2303","HMK031","Thermocyclops oithonoides",279.4813,8,1989
"2304","HMK031","Thermocyclops oithonoides",245.25935,9,1990
"2305","HMK031","Thermocyclops oithonoides",271.1849,10,1991
"2306","HMK031","Thermocyclops oithonoides",287.7777,12,1993
"2307","HMK031","Thermocyclops oithonoides",262.8892,13,1994
"2308","HMK031","Thermocyclops oithonoides",316.8151,14,1995
"2309","HMK031","Thermocyclops oithonoides",289.8518,15,1996
"2310","HMK031","Thermocyclops oithonoides",287.7777,16,1997
"2311","HMK031","Thermocyclops oithonoides",302.2964,17,1998
"2312","HMK031","Thermocyclops oithonoides",294,19,2000
"2313","HMK031","Thermocyclops oithonoides",271.1849,20,2001
"2314","HMK031","Thermocyclops oithonoides",310.5928,21,2002
"2315","HMK031","Thermocyclops oithonoides",333.4072,22,2003
"2316","HMK004","Tortrix viridana",102.261,1,1982
"2317","HMK004","Tortrix viridana",96.6617,2,1983
"2318","HMK004","Tortrix viridana",105.007,3,1984
"2319","HMK004","Tortrix viridana",109.914,4,1985
"2320","HMK004","Tortrix viridana",96.7122,5,1986
"2321","HMK004","Tortrix viridana",114.949,6,1987
"2322","HMK004","Tortrix viridana",101.514,7,1988
"2323","SET005","Uria aalge",182.9503,2,1983
"2324","SET005","Uria aalge",169.5155,3,1984
"2325","SET005","Uria aalge",178.0308,4,1985
"2326","SET005","Uria aalge",189.9808,5,1986
"2327","SET005","Uria aalge",177.1568,6,1987
"2328","SET005","Uria aalge",180.8006,7,1988
"2329","SET005","Uria aalge",166.2404,8,1989
"2330","SET005","Uria aalge",163.7301,9,1990
"2331","SET005","Uria aalge",171.2611,10,1991
"2332","SET005","Uria aalge",167.3352,11,1992
"2333","SET005","Uria aalge",175.2203,12,1993
"2334","SET005","Uria aalge",177.391,13,1994
"2335","SET005","Uria aalge",188.2847,14,1995
"2336","SET005","Uria aalge",173.4533,15,1996
"2337","SET005","Uria aalge",144.7964,16,1997
"2338","SET005","Uria aalge",177.9679,17,1998
"2339","SET005","Uria aalge",177.7385,18,1999
"2340","SET005","Uria aalge",149.9125,19,2000
"2341","SET005","Uria aalge",161.6365,20,2001
"2342","SET005","Uria aalge",164.1247,21,2002
"2343","SET005","Uria aalge",164.3359,22,2003
"2344","SET005","Uria aalge",207.4608,23,2004
"2345","SET005","Uria aalge",173.6741,24,2005
"2346","SET005","Uria aalge",151.8707,25,2006
