"Longitude (x)","Latitude (y)","Station Name","Climate ID","Date/Time","Year","Month","Day","Data Quality","Max Temp (°C)","Max Temp Flag","Min Temp (°C)","Min Temp Flag","Mean Temp (°C)","Mean Temp Flag","Heat Deg Days (°C)","Heat Deg Days Flag","Cool Deg Days (°C)","Cool Deg Days Flag","Total Rain (mm)","Total Rain Flag","Total Snow (cm)","Total Snow Flag","Total Precip (mm)","Total Precip Flag","Snow on Grnd (cm)","Snow on Grnd Flag","Dir of Max Gust (10s deg)","Dir of Max Gust Flag","Spd of Max Gust (km/h)","Spd of Max Gust Flag"
"-119.60","49.46","PENTICTON A","1126146","2018-01-01","2018","01","01","","-6.2","","-8.8","","-7.5","","25.5","","0.0","","0.0","","0.0","T","0.0","T","31","","","","<31",""
"-119.60","49.46","PENTICTON A","1126146","2018-01-02","2018","01","02","","-6.9","","-8.7","","-7.8","","25.8","","0.0","","0.0","","0.0","T","0.0","T","27","","","","<31",""
"-119.60","49.46","PENTICTON A","1126146","2018-01-03","2018","01","03","","-4.1","","-13.5","","-8.8","","26.8","","0.0","","0.0","","0.0","","0.0","","27","","","","<31",""
"-119.60","49.46","PENTICTON A","1126146","2018-01-04","2018","01","04","","-3.7","","-6.8","","-5.3","","23.3","","0.0","","0.0","","1.2","","1.2","","22","","","","<31",""
"-119.60","49.46","PENTICTON A","1126146","2018-01-05","2018","01","05","","2.2","","-5.0","","-1.4","","19.4","","0.0","","2.5","","1.0","","3.1","","15","","18","","39",""
"-119.60","49.46","PENTICTON A","1126146","2018-01-06","2018","01","06","","3.2","","1.6","","2.4","","15.6","","0.0","","0.0","","0.0","","0.0","","21","","18","","39",""
"-119.60","49.46","PENTICTON A","1126146","2018-01-07","2018","01","07","","3.2","","0.9","","2.1","","15.9","","0.0","","0.2","","0.0","T","0.2","","16","","19","","48",""
"-119.60","49.46","PENTICTON A","1126146","2018-01-08","2018","01","08","","3.2","","1.8","","2.5","","15.5","","0.0","","0.2","","0.0","","0.2","","14","","15","","33",""
"-119.60","49.46","PENTICTON A","1126146","2018-01-09","2018","01","09","","4.4","","1.0","","2.7","","15.3","","0.0","","1.8","","0.0","","1.8","","3","","25","","46",""
"-119.60","49.46","PENTICTON A","1126146","2018-01-10","2018","01","10","","4.8","","-0.7","","2.1","","15.9","","0.0","","0.6","","0.0","","0.6","","2","","18","","39",""
"-119.60","49.46","PENTICTON A","1126146","2018-01-11","2018","01","11","","1.9","","-3.6","","-0.9","","18.9","","0.0","","0.0","","6.0","","5.2","","0","T","2","","30",""
"-119.60","49.46","PENTICTON A","1126146","2018-01-12","2018","01","12","","-1.6","","-4.5","","-3.1","","21.1","","0.0","","0.0","","0.8","","1.0","","6","","","","<31",""
"-119.60","49.46","PENTICTON A","1126146","2018-01-13","2018","01","13","","1.3","","-2.2","","-0.5","","18.5","","0.0","","0.0","T","0.0","","0.0","T","6","","","","<31",""
"-119.60","49.46","PENTICTON A","1126146","2018-01-14","2018","01","14","","1.8","","-0.3","","0.8","","17.2","","0.0","","0.8","","0.0","T","0.8","","5","","","","<31",""
"-119.60","49.46","PENTICTON A","1126146","2018-01-15","2018","01","15","","2.7","","0.6","","1.7","","16.3","","0.0","","0.6","","0.0","","0.6","","2","","","","<31",""
"-119.60","49.46","PENTICTON A","1126146","2018-01-16","2018","01","16","","3.8","","0.1","","2.0","","16.0","","0.0","","4.4","","3.6","","6.8","","0","T","18","","44",""
"-119.60","49.46","PENTICTON A","1126146","2018-01-17","2018","01","17","","5.6","","2.8","","4.2","","13.8","","0.0","","2.4","","0.0","","2.4","","","","20","","50",""
"-119.60","49.46","PENTICTON A","1126146","2018-01-18","2018","01","18","","7.0","","1.0","","4.0","","14.0","","0.0","","0.0","T","0.0","","0.0","T","","","19","","54",""
"-119.60","49.46","PENTICTON A","1126146","2018-01-19","2018","01","19","","5.2","","-0.2","","2.5","","15.5","","0.0","","0.0","","0.0","","0.0","","","","19","","44",""
"-119.60","49.46","PENTICTON A","1126146","2018-01-20","2018","01","20","","5.8","","2.3","","4.1","","13.9","","0.0","","0.0","","0.0","","0.0","","","","18","","46",""
"-119.60","49.46","PENTICTON A","1126146","2018-01-21","2018","01","21","","5.0","","2.5","","3.8","","14.2","","0.0","","1.0","","0.0","","1.0","","","","19","","74",""
"-119.60","49.46","PENTICTON A","1126146","2018-01-22","2018","01","22","","5.5","","0.7","","3.1","","14.9","","0.0","","0.0","","0.0","","0.0","","","","17","","43",""
"-119.60","49.46","PENTICTON A","1126146","2018-01-23","2018","01","23","","2.8","","-1.2","","0.8","","17.2","","0.0","","0.8","","0.0","T","0.8","","","","17","","44",""
"-119.60","49.46","PENTICTON A","1126146","2018-01-24","2018","01","24","","4.2","","0.5","","2.4","","15.6","","0.0","","8.0","","0.0","T","8.0","","","","16","","41",""
"-119.60","49.46","PENTICTON A","1126146","2018-01-25","2018","01","25","","5.0","","0.4","","2.7","","15.3","","0.0","","1.2","","0.2","","1.4","","","","20","","44",""
"-119.60","49.46","PENTICTON A","1126146","2018-01-26","2018","01","26","","2.6","","0.3","","1.5","","16.5","","0.0","","0.0","","0.0","T","0.0","T","","","17","","41",""
"-119.60","49.46","PENTICTON A","1126146","2018-01-27","2018","01","27","","4.4","","-1.4","","1.5","","16.5","","0.0","","0.0","","4.2","","3.6","","0","T","19","","54",""
"-119.60","49.46","PENTICTON A","1126146","2018-01-28","2018","01","28","","5.4","","-1.2","","2.1","","15.9","","0.0","","0.2","","3.4","","3.6","","1","","19","","57",""
"-119.60","49.46","PENTICTON A","1126146","2018-01-29","2018","01","29","","7.6","","4.4","","6.0","","12.0","","0.0","","0.8","","0.0","","0.8","","","","20","","69",""
"-119.60","49.46","PENTICTON A","1126146","2018-01-30","2018","01","30","","7.0","","-0.8","","3.1","","14.9","","0.0","","0.0","T","0.0","","0.0","T","","","21","","57",""
"-119.60","49.46","PENTICTON A","1126146","2018-01-31","2018","01","31","","3.7","","-0.5","","1.6","","16.4","","0.0","","0.0","","0.0","","0.0","","","","16","","37",""
"-119.60","49.46","PENTICTON A","1126146","2018-02-01","2018","02","01","","3.6","","0.2","","1.9","","16.1","","0.0","","0.6","","3.0","","3.6","","","","17","","37",""
"-119.60","49.46","PENTICTON A","1126146","2018-02-02","2018","02","02","","4.7","","0.4","","2.6","","15.4","","0.0","","2.0","","0.0","","2.0","","","","19","","57",""
"-119.60","49.46","PENTICTON A","1126146","2018-02-03","2018","02","03","","7.4","","2.1","","4.8","","13.2","","0.0","","0.4","","0.0","","0.4","","","","15","","50",""
"-119.60","49.46","PENTICTON A","1126146","2018-02-04","2018","02","04","","6.3","","0.2","","3.3","","14.7","","0.0","","0.6","","1.0","","1.4","","1","","15","","35",""
"-119.60","49.46","PENTICTON A","1126146","2018-02-05","2018","02","05","","2.5","","0.6","","1.6","","16.4","","0.0","","2.8","","0.4","","3.2","","","","2","","33",""
"-119.60","49.46","PENTICTON A","1126146","2018-02-06","2018","02","06","","2.4","","-0.1","","1.2","","16.8","","0.0","","","M","2.3","","1.8","","2","","35","","43",""
"-119.60","49.46","PENTICTON A","1126146","2018-02-07","2018","02","07","","7.2","","-0.2","","3.5","","14.5","","0.0","","0.4","","0.0","","0.4","","","","18","","44",""
"-119.60","49.46","PENTICTON A","1126146","2018-02-08","2018","02","08","","15.2","","1.6","","8.4","","9.6","","0.0","","2.2","","0.0","","2.2","","","","33","","54",""
"-119.60","49.46","PENTICTON A","1126146","2018-02-09","2018","02","09","","1.9","","-3.3","","-0.7","","18.7","","0.0","","0.0","","0.0","","0.0","","","","35","","52",""
"-119.60","49.46","PENTICTON A","1126146","2018-02-10","2018","02","10","","-0.8","","-8.9","","-4.9","","22.9","","0.0","","0.0","","0.0","","0.0","","","","33","","41",""
"-119.60","49.46","PENTICTON A","1126146","2018-02-11","2018","02","11","","1.3","","-10.1","","-4.4","","22.4","","0.0","","0.0","","0.0","","0.0","","","","34","","46",""
"-119.60","49.46","PENTICTON A","1126146","2018-02-12","2018","02","12","","-1.0","","-8.8","","-4.9","","22.9","","0.0","","0.0","","0.0","","0.0","","","","34","","30",""
"-119.60","49.46","PENTICTON A","1126146","2018-02-13","2018","02","13","","2.2","","-7.8","","-2.8","","20.8","","0.0","","0.0","","0.0","","0.0","","","","19","","69",""
"-119.60","49.46","PENTICTON A","1126146","2018-02-14","2018","02","14","","6.7","","-1.4","","2.7","","15.3","","0.0","","0.0","","0.0","T","0.0","T","","","19","","39",""
"-119.60","49.46","PENTICTON A","1126146","2018-02-15","2018","02","15","","4.6","","-4.4","","0.1","","17.9","","0.0","","0.0","","0.0","","0.0","","","","32","","59",""
"-119.60","49.46","PENTICTON A","1126146","2018-02-16","2018","02","16","","5.6","","-1.8","","1.9","","16.1","","0.0","","0.8","","0.0","T","0.8","","","","1","","46",""
"-119.60","49.46","PENTICTON A","1126146","2018-02-17","2018","02","17","","0.5","","-5.5","","-2.5","","20.5","","0.0","","","M","10.2","","9.7","","1","","35","","32",""
"-119.60","49.46","PENTICTON A","1126146","2018-02-18","2018","02","18","","-1.4","","-6.7","","-4.1","","22.1","","0.0","","0.0","","1.0","","0.4","","3","","34","","54",""
"-119.60","49.46","PENTICTON A","1126146","2018-02-19","2018","02","19","","-4.0","","-12.3","","-8.2","","26.2","","0.0","","0.0","","0.0","","0.0","","","","32","","37",""
"-119.60","49.46","PENTICTON A","1126146","2018-02-20","2018","02","20","","-5.9","","-18.6","","-12.3","","30.3","","0.0","","0.0","","0.0","T","0.0","T","3","","","","<31",""
"-119.60","49.46","PENTICTON A","1126146","2018-02-21","2018","02","21","","-6.0","","-17.9","","-12.0","","30.0","","0.0","","0.0","","0.2","","0.2","","3","","17","","37",""
"-119.60","49.46","PENTICTON A","1126146","2018-02-22","2018","02","22","","-2.5","","-10.8","","-6.7","","24.7","","0.0","","0.0","","0.6","","0.6","","4","","28","","50",""
"-119.60","49.46","PENTICTON A","1126146","2018-02-23","2018","02","23","","-2.9","","-16.4","","-9.7","","27.7","","0.0","","0.0","","0.2","","0.2","","3","","20","","57",""
"-119.60","49.46","PENTICTON A","1126146","2018-02-24","2018","02","24","","0.7","","-4.3","","-1.8","","19.8","","0.0","","0.0","","5.4","","4.6","","4","","20","","52",""
"-119.60","49.46","PENTICTON A","1126146","2018-02-25","2018","02","25","","4.8","","-2.4","","1.2","","16.8","","0.0","","0.0","","0.0","T","0.0","T","8","","19","","59",""
"-119.60","49.46","PENTICTON A","1126146","2018-02-26","2018","02","26","","4.8","","-9.9","","-2.6","","20.6","","0.0","","0.0","","0.0","","0.0","","4","","3","","32",""
"-119.60","49.46","PENTICTON A","1126146","2018-02-27","2018","02","27","","4.7","","-1.3","","1.7","","16.3","","0.0","","0.0","","0.0","T","0.0","T","3","","17","","52",""
"-119.60","49.46","PENTICTON A","1126146","2018-02-28","2018","02","28","","6.4","","-3.5","","1.5","","16.5","","0.0","","0.4","","0.0","","0.4","","2","","18","","57",""
"-119.60","49.46","PENTICTON A","1126146","2018-03-01","2018","03","01","","3.4","","0.4","","1.9","","16.1","","0.0","","6.4","","0.0","T","6.4","","","","26","","63",""
"-119.60","49.46","PENTICTON A","1126146","2018-03-02","2018","03","02","","4.2","","0.4","","2.3","","15.7","","0.0","","9.6","","0.0","T","9.6","","","","17","","44",""
"-119.60","49.46","PENTICTON A","1126146","2018-03-03","2018","03","03","","3.1","","-2.4","","0.4","","17.6","","0.0","","1.2","","0.0","","1.2","","","","","","<31",""
"-119.60","49.46","PENTICTON A","1126146","2018-03-04","2018","03","04","","1.2","","-1.9","","-0.4","","18.4","","0.0","","0.0","","0.0","","0.0","","","","35","","35",""
"-119.60","49.46","PENTICTON A","1126146","2018-03-05","2018","03","05","","0.6","","-4.6","","-2.0","","20.0","","0.0","","0.0","","0.0","T","0.0","T","0","T","33","","35",""
"-119.60","49.46","PENTICTON A","1126146","2018-03-06","2018","03","06","","7.0","","-3.7","","1.7","","16.3","","0.0","","0.0","","0.0","","0.0","","","","3","","48",""
"-119.60","49.46","PENTICTON A","1126146","2018-03-07","2018","03","07","","5.5","","-6.2","","-0.4","","18.4","","0.0","","0.0","","0.0","","0.0","","","","30","","54",""
"-119.60","49.46","PENTICTON A","1126146","2018-03-08","2018","03","08","","5.6","","-0.2","","2.7","","15.3","","0.0","","0.8","","2.0","","2.8","","0","T","19","","43",""
"-119.60","49.46","PENTICTON A","1126146","2018-03-09","2018","03","09","","8.8","","-2.1","","3.4","","14.6","","0.0","","2.6","","0.0","","2.6","","","","2","","48",""
"-119.60","49.46","PENTICTON A","1126146","2018-03-10","2018","03","10","","6.2","","-5.4","","0.4","","17.6","","0.0","","0.0","","0.0","","0.0","","","","","","<31",""
"-119.60","49.46","PENTICTON A","1126146","2018-03-11","2018","03","11","","8.1","","-6.1","","1.0","","17.0","","0.0","","0.0","","0.0","","0.0","","","","","","<31",""
"-119.60","49.46","PENTICTON A","1126146","2018-03-12","2018","03","12","","9.1","","-5.5","","1.8","","16.2","","0.0","","0.0","","0.0","","0.0","","","","0","","30",""
"-119.60","49.46","PENTICTON A","1126146","2018-03-13","2018","03","13","","10.3","","-2.5","","3.9","","14.1","","0.0","","0.0","","0.0","","0.0","","","","","","<31",""
"-119.60","49.46","PENTICTON A","1126146","2018-03-14","2018","03","14","","9.0","","3.0","","6.0","","12.0","","0.0","","11.8","","0.0","","11.8","","","","16","","30",""
"-119.60","49.46","PENTICTON A","1126146","2018-03-15","2018","03","15","","9.8","","-0.6","","4.6","","13.4","","0.0","","0.4","","0.0","","0.4","","","","3","","63",""
"-119.60","49.46","PENTICTON A","1126146","2018-03-16","2018","03","16","","11.5","","-4.2","","3.7","","14.3","","0.0","","0.0","","0.0","","0.0","","","","36","","30",""
"-119.60","49.46","PENTICTON A","1126146","2018-03-17","2018","03","17","","10.9","","-1.6","","4.7","","13.3","","0.0","","0.0","","0.0","","0.0","","","","","","<31",""
"-119.60","49.46","PENTICTON A","1126146","2018-03-18","2018","03","18","","10.1","","-3.6","","3.3","","14.7","","0.0","","0.0","","0.0","","0.0","","","","33","","41",""
"-119.60","49.46","PENTICTON A","1126146","2018-03-19","2018","03","19","","12.9","","1.7","","7.3","","10.7","","0.0","","0.0","","0.0","","0.0","","","","","","<31",""
"-119.60","49.46","PENTICTON A","1126146","2018-03-20","2018","03","20","","11.5","","-2.3","","4.6","","13.4","","0.0","","0.0","","0.0","","0.0","","","","25","","30",""
"-119.60","49.46","PENTICTON A","1126146","2018-03-21","2018","03","21","","14.6","","-1.0","","6.8","","11.2","","0.0","","0.0","T","0.0","","0.0","T","","","15","","65",""
"-119.60","49.46","PENTICTON A","1126146","2018-03-22","2018","03","22","","7.9","","2.8","","5.4","","12.6","","0.0","","29.6","","0.0","","29.6","","","","33","","35",""
"-119.60","49.46","PENTICTON A","1126146","2018-03-23","2018","03","23","","5.9","","-1.2","","2.4","","15.6","","0.0","","2.6","","0.4","","3.0","","","","18","","56",""
"-119.60","49.46","PENTICTON A","1126146","2018-03-24","2018","03","24","","7.7","","-0.9","","3.4","","14.6","","0.0","","0.6","","1.6","","2.2","","0","T","","","<31",""
"-119.60","49.46","PENTICTON A","1126146","2018-03-25","2018","03","25","","9.5","","-2.7","","3.4","","14.6","","0.0","","0.0","","0.0","","0.0","","","","24","","33",""
"-119.60","49.46","PENTICTON A","1126146","2018-03-26","2018","03","26","","9.3","","1.8","","5.6","","12.4","","0.0","","0.4","","0.0","","0.4","","","","19","","46",""
"-119.60","49.46","PENTICTON A","1126146","2018-03-27","2018","03","27","","16.3","","5.8","","11.1","","6.9","","0.0","","0.0","T","0.0","","0.0","T","","","18","","44",""
"-119.60","49.46","PENTICTON A","1126146","2018-03-28","2018","03","28","","13.9","","-0.2","","6.9","","11.1","","0.0","","0.0","","0.0","","0.0","","","","21","","65",""
"-119.60","49.46","PENTICTON A","1126146","2018-03-29","2018","03","29","","12.1","","-3.2","","4.5","","13.5","","0.0","","0.0","T","0.0","","0.0","T","","","27","","63",""
"-119.60","49.46","PENTICTON A","1126146","2018-03-30","2018","03","30","","16.3","","4.8","","10.6","","7.4","","0.0","","0.4","","0.0","","0.4","","","","27","","56",""
"-119.60","49.46","PENTICTON A","1126146","2018-03-31","2018","03","31","","8.1","","-0.4","","3.9","","14.1","","0.0","","0.0","","0.0","","0.0","","","","2","","74",""
"-119.60","49.46","PENTICTON A","1126146","2018-04-01","2018","04","01","","11.7","","-3.4","","4.2","","13.8","","0.0","","0.2","","0.0","","0.2","","","","26","","63",""
"-119.60","49.46","PENTICTON A","1126146","2018-04-02","2018","04","02","","8.6","","1.3","","5.0","","13.0","","0.0","","0.0","","0.0","","0.0","","","","1","","43",""
"-119.60","49.46","PENTICTON A","1126146","2018-04-03","2018","04","03","","8.9","","-0.6","","4.2","","13.8","","0.0","","0.0","","0.0","","0.0","","","","17","","39",""
"-119.60","49.46","PENTICTON A","1126146","2018-04-04","2018","04","04","","10.3","","-3.5","","3.4","","14.6","","0.0","","0.0","T","0.0","","0.0","T","","","","","<31",""
"-119.60","49.46","PENTICTON A","1126146","2018-04-05","2018","04","05","","7.5","","3.4","","5.5","","12.5","","0.0","","10.6","","0.0","","10.6","","","","33","","43",""
"-119.60","49.46","PENTICTON A","1126146","2018-04-06","2018","04","06","","7.0","","3.0","","5.0","","13.0","","0.0","","4.6","","0.0","","4.6","","","","","","<31",""
"-119.60","49.46","PENTICTON A","1126146","2018-04-07","2018","04","07","","8.8","","4.7","","6.8","","11.2","","0.0","","12.0","","0.0","","12.0","","","","21","","44",""
"-119.60","49.46","PENTICTON A","1126146","2018-04-08","2018","04","08","","15.0","E","","M","","M","","M","","M","1.0","","0.0","","1.0","","","","17","","35",""
"-119.60","49.46","PENTICTON A","1126146","2018-04-09","2018","04","09","","16.5","","0.4","","8.5","","9.5","","0.0","","0.0","","0.0","","0.0","","","","18","","46",""
"-119.60","49.46","PENTICTON A","1126146","2018-04-10","2018","04","10","","15.7","","3.8","","9.8","","8.2","","0.0","","0.0","","0.0","","0.0","","","","18","","59",""
"-119.60","49.46","PENTICTON A","1126146","2018-04-11","2018","04","11","","16.3","","1.1","","8.7","","9.3","","0.0","","0.0","T","0.0","","0.0","T","","","19","","65",""
"-119.60","49.46","PENTICTON A","1126146","2018-04-12","2018","04","12","","14.3","","1.7","","8.0","","10.0","","0.0","","0.0","T","0.0","","0.0","T","","","2","","43",""
"-119.60","49.46","PENTICTON A","1126146","2018-04-13","2018","04","13","","11.3","","0.3","","5.8","","12.2","","0.0","","0.0","T","0.0","","0.0","T","","","18","","69",""
"-119.60","49.46","PENTICTON A","1126146","2018-04-14","2018","04","14","","15.7","","7.0","","11.4","","6.6","","0.0","","0.8","","0.0","","0.8","","","","15","","52",""
"-119.60","49.46","PENTICTON A","1126146","2018-04-15","2018","04","15","","12.0","","4.7","","8.4","","9.6","","0.0","","12.8","","0.0","","12.8","","","","","","<31",""
"-119.60","49.46","PENTICTON A","1126146","2018-04-16","2018","04","16","","12.5","","6.2","","9.4","","8.6","","0.0","","4.8","","0.0","","4.8","","","","17","","56",""
"-119.60","49.46","PENTICTON A","1126146","2018-04-17","2018","04","17","","13.0","","2.9","","8.0","","10.0","","0.0","","0.4","","0.0","","0.4","","","","32","","44",""
"-119.60","49.46","PENTICTON A","1126146","2018-04-18","2018","04","18","","14.3","","-1.9","","6.2","","11.8","","0.0","","0.0","","0.0","","0.0","","","","11","","33",""
"-119.60","49.46","PENTICTON A","1126146","2018-04-19","2018","04","19","","16.8","","-0.7","","8.1","","9.9","","0.0","","0.0","","0.0","","0.0","","","","","","<31",""
"-119.60","49.46","PENTICTON A","1126146","2018-04-20","2018","04","20","","19.3","","2.4","","10.9","","7.1","","0.0","","0.0","T","0.0","","0.0","T","","","22","","52",""
"-119.60","49.46","PENTICTON A","1126146","2018-04-21","2018","04","21","","16.9","","5.1","","11.0","","7.0","","0.0","","0.0","T","0.0","","0.0","T","","","18","","59",""
"-119.60","49.46","PENTICTON A","1126146","2018-04-22","2018","04","22","","15.7","","0.6","","8.2","","9.8","","0.0","","0.0","","0.0","","0.0","","","","35","","37",""
"-119.60","49.46","PENTICTON A","1126146","2018-04-23","2018","04","23","","16.6","","-0.8","","7.9","","10.1","","0.0","","0.0","","0.0","","0.0","","","","","","<31",""
"-119.60","49.46","PENTICTON A","1126146","2018-04-24","2018","04","24","","22.9","","-0.5","","11.2","","6.8","","0.0","","0.0","","0.0","","0.0","","","","18","","43",""
"-119.60","49.46","PENTICTON A","1126146","2018-04-25","2018","04","25","","22.7","","3.6","","13.2","","4.8","","0.0","","0.0","","0.0","","0.0","","","","3","","67",""
"-119.60","49.46","PENTICTON A","1126146","2018-04-26","2018","04","26","","21.4","","3.6","","12.5","","5.5","","0.0","","0.0","","0.0","","0.0","","","","28","","54",""
"-119.60","49.46","PENTICTON A","1126146","2018-04-27","2018","04","27","","22.9","","4.6","","13.8","","4.2","","0.0","","0.0","","0.0","","0.0","","","","","","<31",""
"-119.60","49.46","PENTICTON A","1126146","2018-04-28","2018","04","28","","15.2","","5.9","","10.6","","7.4","","0.0","","0.0","T","0.0","","0.0","T","","","16","","37",""
"-119.60","49.46","PENTICTON A","1126146","2018-04-29","2018","04","29","","17.4","","5.3","","11.4","","6.6","","0.0","","0.0","","0.0","","0.0","","","","21","","69",""
"-119.60","49.46","PENTICTON A","1126146","2018-04-30","2018","04","30","","20.0","","8.0","","14.0","","4.0","","0.0","","0.0","","0.0","","0.0","","","","33","","37",""
"-119.60","49.46","PENTICTON A","1126146","2018-05-01","2018","05","01","","20.4","","4.8","","12.6","","5.4","","0.0","","0.2","","0.0","","0.2","","","","1","","41",""
"-119.60","49.46","PENTICTON A","1126146","2018-05-02","2018","05","02","","24.8","","5.1","","15.0","","3.0","","0.0","","0.0","","0.0","","0.0","","","","","","<31",""
"-119.60","49.46","PENTICTON A","1126146","2018-05-03","2018","05","03","","25.1","","4.4","","14.8","","3.2","","0.0","","0.0","","0.0","","0.0","","","","","","<31",""
"-119.60","49.46","PENTICTON A","1126146","2018-05-04","2018","05","04","","24.6","","10.1","","17.4","","0.6","","0.0","","0.0","","0.0","","0.0","","","","3","","63",""
"-119.60","49.46","PENTICTON A","1126146","2018-05-05","2018","05","05","","23.9","","8.2","","16.1","","1.9","","0.0","","0.0","","0.0","","0.0","","","","3","","65",""
"-119.60","49.46","PENTICTON A","1126146","2018-05-06","2018","05","06","","24.3","","9.8","","17.1","","0.9","","0.0","","0.0","","0.0","","0.0","","","","2","","48",""
"-119.60","49.46","PENTICTON A","1126146","2018-05-07","2018","05","07","","23.1","","12.0","","17.6","","0.4","","0.0","","1.4","","0.0","","1.4","","","","16","","33",""
"-119.60","49.46","PENTICTON A","1126146","2018-05-08","2018","05","08","","24.7","","8.5","","16.6","","1.4","","0.0","","0.0","","0.0","","0.0","","","","","","<31",""
"-119.60","49.46","PENTICTON A","1126146","2018-05-09","2018","05","09","","19.9","","11.5","","15.7","","2.3","","0.0","","17.0","","0.0","","17.0","","","","19","","44",""
"-119.60","49.46","PENTICTON A","1126146","2018-05-10","2018","05","10","","17.5","","6.5","","12.0","","6.0","","0.0","","0.2","","0.0","","0.2","","","","17","","39",""
"-119.60","49.46","PENTICTON A","1126146","2018-05-11","2018","05","11","","23.8","","8.4","","16.1","","1.9","","0.0","","0.2","","0.0","","0.2","","","","31","","37",""
"-119.60","49.46","PENTICTON A","1126146","2018-05-12","2018","05","12","","26.8","","6.2","","16.5","","1.5","","0.0","","0.0","","0.0","","0.0","","","","35","","35",""
"-119.60","49.46","PENTICTON A","1126146","2018-05-13","2018","05","13","","26.8","","8.3","","17.6","","0.4","","0.0","","0.0","","0.0","","0.0","","","","","","<31",""
"-119.60","49.46","PENTICTON A","1126146","2018-05-14","2018","05","14","","30.6","","8.2","","19.4","","0.0","","1.4","","0.0","","0.0","","0.0","","","","16","","32",""
"-119.60","49.46","PENTICTON A","1126146","2018-05-15","2018","05","15","","31.5","","9.7","","20.6","","0.0","","2.6","","0.0","","0.0","","0.0","","","","8","","33",""
"-119.60","49.46","PENTICTON A","1126146","2018-05-16","2018","05","16","","31.1","","11.9","","21.5","","0.0","","3.5","","0.0","","0.0","","0.0","","","","24","","35",""
"-119.60","49.46","PENTICTON A","1126146","2018-05-17","2018","05","17","","22.2","","10.9","","16.6","","1.4","","0.0","","4.4","","0.0","","4.4","","","","10","","44",""
"-119.60","49.46","PENTICTON A","1126146","2018-05-18","2018","05","18","","18.9","","13.3","","16.1","","1.9","","0.0","","3.4","","0.0","","3.4","","","","14","","33",""
"-119.60","49.46","PENTICTON A","1126146","2018-05-19","2018","05","19","","19.9","","10.2","","15.1","","2.9","","0.0","","0.2","","0.0","","0.2","","","","30","","41",""
"-119.60","49.46","PENTICTON A","1126146","2018-05-20","2018","05","20","","24.8","","8.1","","16.5","","1.5","","0.0","","0.0","","0.0","","0.0","","","","31","","41",""
"-119.60","49.46","PENTICTON A","1126146","2018-05-21","2018","05","21","","27.3","","8.9","","18.1","","0.0","","0.1","","0.0","","0.0","","0.0","","","","","","<31",""
"-119.60","49.46","PENTICTON A","1126146","2018-05-22","2018","05","22","","28.1","","8.5","","18.3","","0.0","","0.3","","0.0","","0.0","","0.0","","","","","","<31",""
"-119.60","49.46","PENTICTON A","1126146","2018-05-23","2018","05","23","","31.4","","10.9","","21.2","","0.0","","3.2","","0.0","","0.0","","0.0","","","","26","","69",""
"-119.60","49.46","PENTICTON A","1126146","2018-05-24","2018","05","24","","29.1","","11.7","","20.4","","0.0","","2.4","","0.2","","0.0","","0.2","","","","19","","44",""
"-119.60","49.46","PENTICTON A","1126146","2018-05-25","2018","05","25","","28.9","","10.5","","19.7","","0.0","","1.7","","0.0","","0.0","","0.0","","","","36","","52",""
"-119.60","49.46","PENTICTON A","1126146","2018-05-26","2018","05","26","","26.5","","6.4","","16.5","","1.5","","0.0","","0.0","","0.0","","0.0","","","","25","","37",""
"-119.60","49.46","PENTICTON A","1126146","2018-05-27","2018","05","27","","29.3","","7.4","","18.4","","0.0","","0.4","","0.0","","0.0","","0.0","","","","","","<31",""
"-119.60","49.46","PENTICTON A","1126146","2018-05-28","2018","05","28","","28.5","","10.9","","19.7","","0.0","","1.7","","0.0","","0.0","","0.0","","","","28","","57",""
"-119.60","49.46","PENTICTON A","1126146","2018-05-29","2018","05","29","","23.8","","5.5","","14.7","","3.3","","0.0","","2.8","","0.0","","2.8","","","","17","","44",""
"-119.60","49.46","PENTICTON A","1126146","2018-05-30","2018","05","30","","20.8","","3.5","","12.2","","5.8","","0.0","","0.4","","0.0","","0.4","","","","8","","30",""
"-119.60","49.46","PENTICTON A","1126146","2018-05-31","2018","05","31","","22.2","","6.1","","14.2","","3.8","","0.0","","0.0","","0.0","","0.0","","","","28","","54",""
"-119.60","49.46","PENTICTON A","1126146","2018-06-01","2018","06","01","","23.1","","6.9","","15.0","","3.0","","0.0","","0.0","","0.0","","0.0","","","","22","","39",""
"-119.60","49.46","PENTICTON A","1126146","2018-06-02","2018","06","02","","26.2","","7.6","","16.9","","1.1","","0.0","","0.0","","0.0","","0.0","","","","17","","39",""
"-119.60","49.46","PENTICTON A","1126146","2018-06-03","2018","06","03","","20.4","","10.6","","15.5","","2.5","","0.0","","3.4","","0.0","","3.4","","","","2","","43",""
"-119.60","49.46","PENTICTON A","1126146","2018-06-04","2018","06","04","","21.8","","7.0","","14.4","","3.6","","0.0","","0.0","","0.0","","0.0","","","","27","","46",""
"-119.60","49.46","PENTICTON A","1126146","2018-06-05","2018","06","05","","22.2","","4.1","","13.2","","4.8","","0.0","","0.0","","0.0","","0.0","","","","18","","35",""
"-119.60","49.46","PENTICTON A","1126146","2018-06-06","2018","06","06","","25.9","","6.5","","16.2","","1.8","","0.0","","0.0","","0.0","","0.0","","","","19","","46",""
"-119.60","49.46","PENTICTON A","1126146","2018-06-07","2018","06","07","","28.8","","7.9","","18.4","","0.0","","0.4","","0.8","","0.0","","0.8","","","","29","","54",""
"-119.60","49.46","PENTICTON A","1126146","2018-06-08","2018","06","08","","24.5","","9.5","","17.0","","1.0","","0.0","","0.6","","0.0","","0.6","","","","18","","43",""
"-119.60","49.46","PENTICTON A","1126146","2018-06-09","2018","06","09","","15.8","","11.8","","13.8","","4.2","","0.0","","13.2","","0.0","","13.2","","","","16","","39",""
"-119.60","49.46","PENTICTON A","1126146","2018-06-10","2018","06","10","","18.7","","6.2","","12.5","","5.5","","0.0","","0.2","","0.0","","0.2","","","","25","","61",""
"-119.60","49.46","PENTICTON A","1126146","2018-06-11","2018","06","11","","21.7","","4.2","","13.0","","5.0","","0.0","","0.0","T","0.0","","0.0","T","","","35","","48",""
"-119.60","49.46","PENTICTON A","1126146","2018-06-12","2018","06","12","","20.6","","2.6","","11.6","","6.4","","0.0","","0.0","","0.0","","0.0","","","","19","","46",""
"-119.60","49.46","PENTICTON A","1126146","2018-06-13","2018","06","13","","22.1","","8.2","","15.2","","2.8","","0.0","","1.8","","0.0","","1.8","","","","1","","35",""
"-119.60","49.46","PENTICTON A","1126146","2018-06-14","2018","06","14","","22.1","","9.9","","16.0","","2.0","","0.0","","0.8","","0.0","","0.8","","","","","","<31",""
"-119.60","49.46","PENTICTON A","1126146","2018-06-15","2018","06","15","","23.4","","6.9","","15.2","","2.8","","0.0","","0.0","","0.0","","0.0","","","","33","","54",""
"-119.60","49.46","PENTICTON A","1126146","2018-06-16","2018","06","16","","27.9","","13.3","","20.6","","0.0","","2.6","","0.0","","0.0","","0.0","","","","19","","48",""
"-119.60","49.46","PENTICTON A","1126146","2018-06-17","2018","06","17","","31.0","","8.2","","19.6","","0.0","","1.6","","0.0","","0.0","","0.0","","","","36","","37",""
"-119.60","49.46","PENTICTON A","1126146","2018-06-18","2018","06","18","","33.6","","10.9","","22.3","","0.0","","4.3","","0.0","","0.0","","0.0","","","","19","","54",""
"-119.60","49.46","PENTICTON A","1126146","2018-06-19","2018","06","19","","32.0","","18.2","","25.1","","0.0","","7.1","","0.0","","0.0","","0.0","","","","19","","44",""
"-119.60","49.46","PENTICTON A","1126146","2018-06-20","2018","06","20","","32.5","","16.6","","24.6","","0.0","","6.6","","0.0","","0.0","","0.0","","","","10","","44",""
"-119.60","49.46","PENTICTON A","1126146","2018-06-21","2018","06","21","","27.8","","15.4","","21.6","","0.0","","3.6","","3.0","","0.0","","3.0","","","","2","","39",""
"-119.60","49.46","PENTICTON A","1126146","2018-06-22","2018","06","22","","26.5","","13.2","","19.9","","0.0","","1.9","","0.4","","0.0","","0.4","","","","2","","44",""
"-119.60","49.46","PENTICTON A","1126146","2018-06-23","2018","06","23","","28.4","","14.0","","21.2","","0.0","","3.2","","0.0","T","0.0","","0.0","T","","","","","<31",""
"-119.60","49.46","PENTICTON A","1126146","2018-06-24","2018","06","24","","30.2","","11.0","","20.6","","0.0","","2.6","","0.0","","0.0","","0.0","","","","19","","61",""
"-119.60","49.46","PENTICTON A","1126146","2018-06-25","2018","06","25","","27.1","","11.4","","19.3","","0.0","","1.3","","10.6","","0.0","","10.6","","","","27","","93",""
"-119.60","49.46","PENTICTON A","1126146","2018-06-26","2018","06","26","","24.1","","5.9","","15.0","","3.0","","0.0","","0.0","","0.0","","0.0","","","","1","","39",""
"-119.60","49.46","PENTICTON A","1126146","2018-06-27","2018","06","27","","23.1","","8.3","","15.7","","2.3","","0.0","","0.0","","0.0","","0.0","","","","18","","32",""
"-119.60","49.46","PENTICTON A","1126146","2018-06-28","2018","06","28","","21.4","","10.9","","16.2","","1.8","","0.0","","0.0","","0.0","","0.0","","","","24","","35",""
"-119.60","49.46","PENTICTON A","1126146","2018-06-29","2018","06","29","","25.2","","8.4","","16.8","","1.2","","0.0","","0.0","T","0.0","","0.0","T","","","2","","33",""
"-119.60","49.46","PENTICTON A","1126146","2018-06-30","2018","06","30","","22.6","","10.4","","16.5","","1.5","","0.0","","0.0","","0.0","","0.0","","","","25","","52",""
"-119.60","49.46","PENTICTON A","1126146","2018-07-01","2018","07","01","","26.2","","9.4","","17.8","","0.2","","0.0","","0.0","","0.0","","0.0","","","","28","","50",""
"-119.60","49.46","PENTICTON A","1126146","2018-07-02","2018","07","02","","20.3","","9.8","","15.1","","2.9","","0.0","","1.6","","0.0","","1.6","","","","2","","56",""
"-119.60","49.46","PENTICTON A","1126146","2018-07-03","2018","07","03","","24.5","","10.9","","17.7","","0.3","","0.0","","0.0","","0.0","","0.0","","","","","","<31",""
"-119.60","49.46","PENTICTON A","1126146","2018-07-04","2018","07","04","","27.1","","11.0","","19.1","","0.0","","1.1","","0.0","","0.0","","0.0","","","","","","<31",""
"-119.60","49.46","PENTICTON A","1126146","2018-07-05","2018","07","05","","33.0","","14.7","","23.9","","0.0","","5.9","","0.0","","0.0","","0.0","","","","19","","35",""
"-119.60","49.46","PENTICTON A","1126146","2018-07-06","2018","07","06","","29.9","E","15.9","E","22.9","E","0.0","E","4.9","E","","M","","M","","M","","","","","<31",""
"-119.60","49.46","PENTICTON A","1126146","2018-07-07","2018","07","07","","25.3","","11.2","","18.3","","0.0","","0.3","","0.0","","0.0","","0.0","","","","33","","43",""
"-119.60","49.46","PENTICTON A","1126146","2018-07-08","2018","07","08","","27.6","","10.7","","19.2","","0.0","","1.2","","0.0","","0.0","","0.0","","","","","","<31",""
"-119.60","49.46","PENTICTON A","1126146","2018-07-09","2018","07","09","","26.5","","14.2","","20.4","","0.0","","2.4","","0.0","","0.0","","0.0","","","","4","","37",""
"-119.60","49.46","PENTICTON A","1126146","2018-07-10","2018","07","10","","24.6","","15.7","","20.2","","0.0","","2.2","","3.2","","0.0","","3.2","","","","3","","41",""
"-119.60","49.46","PENTICTON A","1126146","2018-07-11","2018","07","11","","30.0","","11.0","","20.5","","0.0","","2.5","","0.0","","0.0","","0.0","","","","22","","37",""
"-119.60","49.46","PENTICTON A","1126146","2018-07-12","2018","07","12","","33.2","","11.2","","22.2","","0.0","","4.2","","0.0","","0.0","","0.0","","","","3","","33",""
"-119.60","49.46","PENTICTON A","1126146","2018-07-13","2018","07","13","","35.9","","13.0","","24.5","","0.0","","6.5","","0.0","","0.0","","0.0","","","","1","","50",""
"-119.60","49.46","PENTICTON A","1126146","2018-07-14","2018","07","14","","30.1","","17.3","","23.7","","0.0","","5.7","","0.0","","0.0","","0.0","","","","3","","54",""
"-119.60","49.46","PENTICTON A","1126146","2018-07-15","2018","07","15","","31.8","","10.0","","20.9","","0.0","","2.9","","0.0","","0.0","","0.0","","","","","","<31",""
"-119.60","49.46","PENTICTON A","1126146","2018-07-16","2018","07","16","","34.0","","11.2","","22.6","","0.0","","4.6","","0.0","","0.0","","0.0","","","","","","<31",""
"-119.60","49.46","PENTICTON A","1126146","2018-07-17","2018","07","17","","37.1","","14.3","","25.7","","0.0","","7.7","","0.6","","0.0","","0.6","","","","26","","54",""
"-119.60","49.46","PENTICTON A","1126146","2018-07-18","2018","07","18","","35.8","E","13.6","E","24.7","E","0.0","E","6.7","E","","M","","M","0.6","E","","","","M","","M"
"-119.60","49.46","PENTICTON A","1126146","2018-07-19","2018","07","19","","31.7","","12.3","","22.0","","0.0","","4.0","","0.0","","0.0","","0.0","","","","1","","52",""
"-119.60","49.46","PENTICTON A","1126146","2018-07-20","2018","07","20","","26.3","","8.1","","17.2","","0.8","","0.0","","0.0","","0.0","","0.0","","","","1","","56",""
"-119.60","49.46","PENTICTON A","1126146","2018-07-21","2018","07","21","","26.9","","9.6","","18.3","","0.0","","0.3","","0.0","","0.0","","0.0","","","","35","","44",""
"-119.60","49.46","PENTICTON A","1126146","2018-07-22","2018","07","22","","29.3","","12.0","","20.7","","0.0","","2.7","","0.0","","0.0","","0.0","","","","0","","33",""
"-119.60","49.46","PENTICTON A","1126146","2018-07-23","2018","07","23","","31.7","","13.7","","22.7","","0.0","","4.7","","0.0","","0.0","","0.0","","","","1","","32",""
"-119.60","49.46","PENTICTON A","1126146","2018-07-24","2018","07","24","","32.5","","16.4","","24.5","","0.0","","6.5","","0.0","","0.0","","0.0","","","","8","","52",""
"-119.60","49.46","PENTICTON A","1126146","2018-07-25","2018","07","25","","32.2","","13.8","","23.0","","0.0","","5.0","","0.0","","0.0","","0.0","","","","34","","41",""
"-119.60","49.46","PENTICTON A","1126146","2018-07-26","2018","07","26","","32.2","","16.2","","24.2","","0.0","","6.2","","0.0","","0.0","","0.0","","","","21","","57",""
"-119.60","49.46","PENTICTON A","1126146","2018-07-27","2018","07","27","","33.6","","13.6","","23.6","","0.0","","5.6","","0.0","","0.0","","0.0","","","","36","","30",""
"-119.60","49.46","PENTICTON A","1126146","2018-07-28","2018","07","28","","35.1","","14.5","","24.8","","0.0","","6.8","","0.0","","0.0","","0.0","","","","","","<31",""
"-119.60","49.46","PENTICTON A","1126146","2018-07-29","2018","07","29","","34.8","","11.9","","23.4","","0.0","","5.4","","0.0","","0.0","","0.0","","","","","","<31",""
"-119.60","49.46","PENTICTON A","1126146","2018-07-30","2018","07","30","","35.1","","14.1","","24.6","","0.0","","6.6","","0.0","","0.0","","0.0","","","","22","","30",""
"-119.60","49.46","PENTICTON A","1126146","2018-07-31","2018","07","31","","31.8","","14.4","","23.1","","0.0","","5.1","","0.0","","0.0","","0.0","","","","","","<31",""
"-119.60","49.46","PENTICTON A","1126146","2018-08-01","2018","08","01","","36.8","","15.1","","26.0","","0.0","","8.0","","0.0","","0.0","","0.0","","","","2","","32",""
"-119.60","49.46","PENTICTON A","1126146","2018-08-02","2018","08","02","","32.0","","14.4","","23.2","","0.0","","5.2","","0.0","","0.0","","0.0","","","","30","","48",""
"-119.60","49.46","PENTICTON A","1126146","2018-08-03","2018","08","03","","27.6","","12.3","","20.0","","0.0","","2.0","","0.0","","0.0","","0.0","","","","35","","39",""
"-119.60","49.46","PENTICTON A","1126146","2018-08-04","2018","08","04","","30.2","","11.2","","20.7","","0.0","","2.7","","0.0","","0.0","","0.0","","","","36","","37",""
"-119.60","49.46","PENTICTON A","1126146","2018-08-05","2018","08","05","","32.5","","13.5","","23.0","","0.0","","5.0","","0.0","","0.0","","0.0","","","","","","<31",""
"-119.60","49.46","PENTICTON A","1126146","2018-08-06","2018","08","06","","34.1","","12.7","","23.4","","0.0","","5.4","","0.0","","0.0","","0.0","","","","2","","30",""
"-119.60","49.46","PENTICTON A","1126146","2018-08-07","2018","08","07","","33.1","","12.3","","22.7","","0.0","","4.7","","0.0","","0.0","","0.0","","","","0","","30",""
"-119.60","49.46","PENTICTON A","1126146","2018-08-08","2018","08","08","","33.0","","15.1","","24.1","","0.0","","6.1","","0.0","","0.0","","0.0","","","","","","<31",""
"-119.60","49.46","PENTICTON A","1126146","2018-08-09","2018","08","09","","33.1","","15.2","","24.2","","0.0","","6.2","","0.0","","0.0","","0.0","","","","","","<31",""
"-119.60","49.46","PENTICTON A","1126146","2018-08-10","2018","08","10","","32.7","","17.5","","25.1","","0.0","","7.1","","0.0","","0.0","","0.0","","","","35","","32",""
"-119.60","49.46","PENTICTON A","1126146","2018-08-11","2018","08","11","","31.3","","17.6","","24.5","","0.0","","6.5","","0.0","T","0.0","","0.0","T","","","23","","63",""
"-119.60","49.46","PENTICTON A","1126146","2018-08-12","2018","08","12","","23.6","","12.8","","18.2","","0.0","","0.2","","0.0","","0.0","","0.0","","","","3","","39",""
"-119.60","49.46","PENTICTON A","1126146","2018-08-13","2018","08","13","","24.8","","11.8","","18.3","","0.0","","0.3","","0.0","","0.0","","0.0","","","","1","","39",""
"-119.60","49.46","PENTICTON A","1126146","2018-08-14","2018","08","14","","26.1","","11.0","","18.6","","0.0","","0.6","","0.0","","0.0","","0.0","","","","36","","37",""
"-119.60","49.46","PENTICTON A","1126146","2018-08-15","2018","08","15","","27.7","","12.7","","20.2","","0.0","","2.2","","0.0","","0.0","","0.0","","","","","","<31",""
"-119.60","49.46","PENTICTON A","1126146","2018-08-16","2018","08","16","","27.9","","10.1","","19.0","","0.0","","1.0","","0.0","","0.0","","0.0","","","","","","<31",""
"-119.60","49.46","PENTICTON A","1126146","2018-08-17","2018","08","17","","30.6","","14.4","","22.5","","0.0","","4.5","","0.0","","0.0","","0.0","","","","","","<31",""
"-119.60","49.46","PENTICTON A","1126146","2018-08-18","2018","08","18","","24.9","","14.8","","19.9","","0.0","","1.9","","0.0","","0.0","","0.0","","","","35","","30",""
"-119.60","49.46","PENTICTON A","1126146","2018-08-19","2018","08","19","","25.4","","11.6","","18.5","","0.0","","0.5","","0.0","","0.0","","0.0","","","","33","","43",""
"-119.60","49.46","PENTICTON A","1126146","2018-08-20","2018","08","20","","29.5","","11.8","","20.7","","0.0","","2.7","","0.0","","0.0","","0.0","","","","","","<31",""
"-119.60","49.46","PENTICTON A","1126146","2018-08-21","2018","08","21","","28.8","","9.8","","19.3","","0.0","","1.3","","0.0","","0.0","","0.0","","","","","","<31",""
"-119.60","49.46","PENTICTON A","1126146","2018-08-22","2018","08","22","","28.6","","9.4","","19.0","","0.0","","1.0","","0.0","","0.0","","0.0","","","","17","","35",""
"-119.60","49.46","PENTICTON A","1126146","2018-08-23","2018","08","23","","","M","9.3","E","","M","","M","","M","","M","","","","M","","","","M","","M"
"-119.60","49.46","PENTICTON A","1126146","2018-08-24","2018","08","24","","23.7","","11.7","","17.7","","0.3","","0.0","","0.0","","0.0","","0.0","","","","1","","41",""
"-119.60","49.46","PENTICTON A","1126146","2018-08-25","2018","08","25","","20.7","","7.1","","13.9","","4.1","","0.0","","0.0","T","0.0","","0.0","T","","","26","","33",""
"-119.60","49.46","PENTICTON A","1126146","2018-08-26","2018","08","26","","20.2","","7.7","","14.0","","4.0","","0.0","","2.2","","0.0","","2.2","","","","1","","50",""
"-119.60","49.46","PENTICTON A","1126146","2018-08-27","2018","08","27","","24.9","","11.6","","18.3","","0.0","","0.3","","0.2","","0.0","","0.2","","","","1","","46",""
"-119.60","49.46","PENTICTON A","1126146","2018-08-28","2018","08","28","","25.6","","8.7","","17.2","","0.8","","0.0","","0.0","","0.0","","0.0","","","","17","","44",""
"-119.60","49.46","PENTICTON A","1126146","2018-08-29","2018","08","29","","24.7","","16.3","","20.5","","0.0","","2.5","","0.0","","0.0","","0.0","","","","20","","46",""
"-119.60","49.46","PENTICTON A","1126146","2018-08-30","2018","08","30","","24.6","","7.4","","16.0","","2.0","","0.0","","0.0","T","0.0","","0.0","T","","","33","","41",""
"-119.60","49.46","PENTICTON A","1126146","2018-08-31","2018","08","31","","25.9","","5.8","","15.9","","2.1","","0.0","","0.0","","0.0","","0.0","","","","28","","48",""
"-119.60","49.46","PENTICTON A","1126146","2018-09-01","2018","09","01","","24.3","","7.3","","15.8","","2.2","","0.0","","0.0","","0.0","","0.0","","","","","","<31",""
"-119.60","49.46","PENTICTON A","1126146","2018-09-02","2018","09","02","","27.0","","6.2","","16.6","","1.4","","0.0","","0.0","","0.0","","0.0","","","","1","","37",""
"-119.60","49.46","PENTICTON A","1126146","2018-09-03","2018","09","03","","23.0","","11.0","","17.0","","1.0","","0.0","","0.2","","0.0","","0.2","","","","1","","80",""
"-119.60","49.46","PENTICTON A","1126146","2018-09-04","2018","09","04","","23.4","","6.5","","15.0","","3.0","","0.0","","0.0","","0.0","","0.0","","","","0","","32",""
"-119.60","49.46","PENTICTON A","1126146","2018-09-05","2018","09","05","","23.3","","7.0","","15.2","","2.8","","0.0","","0.0","","0.0","","0.0","","","","","","<31",""
"-119.60","49.46","PENTICTON A","1126146","2018-09-06","2018","09","06","","24.5","","8.7","","16.6","","1.4","","0.0","","0.0","","0.0","","0.0","","","","","","<31",""
"-119.60","49.46","PENTICTON A","1126146","2018-09-07","2018","09","07","","28.5","","6.9","","17.7","","0.3","","0.0","","0.3","","0.0","","0.3","","","","8","","37",""
"-119.60","49.46","PENTICTON A","1126146","2018-09-08","2018","09","08","","25.8","","9.0","","17.4","","0.6","","0.0","","0.0","","0.0","","0.0","","","","2","","50",""
"-119.60","49.46","PENTICTON A","1126146","2018-09-09","2018","09","09","","25.1","","11.8","","18.5","","0.0","","0.5","","0.0","","0.0","","0.0","","","","2","","83",""
"-119.60","49.46","PENTICTON A","1126146","2018-09-10","2018","09","10","","22.7","","11.9","","17.3","","0.7","","0.0","","5.0","","0.0","","5.0","","","","9","","61",""
"-119.60","49.46","PENTICTON A","1126146","2018-09-11","2018","09","11","","22.3","","6.2","","14.3","","3.7","","0.0","","1.0","","0.0","","1.0","","","","32","","33",""
"-119.60","49.46","PENTICTON A","1126146","2018-09-12","2018","09","12","","21.4","","4.1","","12.8","","5.2","","0.0","","0.8","","0.0","","0.8","","","","15","","54",""
"-119.60","49.46","PENTICTON A","1126146","2018-09-13","2018","09","13","","17.8","","5.0","","11.4","","6.6","","0.0","","0.0","T","0.0","","0.0","T","","","2","","41",""
"-119.60","49.46","PENTICTON A","1126146","2018-09-14","2018","09","14","","16.6","","8.8","","12.7","","5.3","","0.0","","1.2","","0.0","","1.2","","","","15","","59",""
"-119.60","49.46","PENTICTON A","1126146","2018-09-15","2018","09","15","","16.2","","8.1","","12.2","","5.8","","0.0","","1.8","","0.0","","1.8","","","","","","<31",""
"-119.60","49.46","PENTICTON A","1126146","2018-09-16","2018","09","16","","18.5","","7.9","","13.2","","4.8","","0.0","","1.2","","0.0","","1.2","","","","18","","52",""
"-119.60","49.46","PENTICTON A","1126146","2018-09-17","2018","09","17","","19.4","","2.2","","10.8","","7.2","","0.0","","0.0","","0.0","","0.0","","","","","","<31",""
"-119.60","49.46","PENTICTON A","1126146","2018-09-18","2018","09","18","","20.1","","7.2","","13.7","","4.3","","0.0","","0.0","","0.0","","0.0","","","","1","","32",""
"-119.60","49.46","PENTICTON A","1126146","2018-09-19","2018","09","19","","18.1","","6.2","","12.2","","5.8","","0.0","","0.0","","0.0","","0.0","","","","","","<31",""
"-119.60","49.46","PENTICTON A","1126146","2018-09-20","2018","09","20","","19.3","","6.5","","12.9","","5.1","","0.0","","0.0","T","0.0","","0.0","T","","","","","<31",""
"-119.60","49.46","PENTICTON A","1126146","2018-09-21","2018","09","21","","17.0","","10.2","","13.6","","4.4","","0.0","","10.7","","0.0","","10.7","","","","0","","35",""
"-119.60","49.46","PENTICTON A","1126146","2018-09-22","2018","09","22","","18.5","","10.1","","14.3","","3.7","","0.0","","1.4","","0.0","","1.4","","","","36","","33",""
"-119.60","49.46","PENTICTON A","1126146","2018-09-23","2018","09","23","","19.1","","6.8","","13.0","","5.0","","0.0","","0.4","","0.0","","0.4","","","","","","<31",""
"-119.60","49.46","PENTICTON A","1126146","2018-09-24","2018","09","24","","21.1","","7.9","","14.5","","3.5","","0.0","","0.0","T","0.0","","0.0","T","","","35","","33",""
"-119.60","49.46","PENTICTON A","1126146","2018-09-25","2018","09","25","","19.5","","4.2","","11.9","","6.1","","0.0","","0.0","","0.0","","0.0","","","","15","","76",""
"-119.60","49.46","PENTICTON A","1126146","2018-09-26","2018","09","26","","19.2","","4.6","","11.9","","6.1","","0.0","","0.0","","0.0","","0.0","","","","","","<31",""
"-119.60","49.46","PENTICTON A","1126146","2018-09-27","2018","09","27","","20.4","","8.0","","14.2","","3.8","","0.0","","0.0","","0.0","","0.0","","","","35","","30",""
"-119.60","49.46","PENTICTON A","1126146","2018-09-28","2018","09","28","","19.7","","8.4","","14.1","","3.9","","0.0","","0.0","","0.0","","0.0","","","","0","","32",""
"-119.60","49.46","PENTICTON A","1126146","2018-09-29","2018","09","29","","15.2","","5.8","","10.5","","7.5","","0.0","","0.0","T","0.0","","0.0","T","","","33","","32",""
"-119.60","49.46","PENTICTON A","1126146","2018-09-30","2018","09","30","","13.3","","7.7","","10.5","","7.5","","0.0","","2.8","","0.0","","2.8","","","","18","","43",""
"-119.60","49.46","PENTICTON A","1126146","2018-10-01","2018","10","01","","16.9","","4.3","","10.6","","7.4","","0.0","","1.8","","0.0","","1.8","","","","3","","33",""
"-119.60","49.46","PENTICTON A","1126146","2018-10-02","2018","10","02","","10.8","","4.6","","7.7","","10.3","","0.0","","3.2","","0.0","","3.2","","","","32","","48",""
"-119.60","49.46","PENTICTON A","1126146","2018-10-03","2018","10","03","","9.7","","-1.0","","4.4","","13.6","","0.0","","0.0","T","0.0","","0.0","T","","","34","","35",""
"-119.60","49.46","PENTICTON A","1126146","2018-10-04","2018","10","04","","13.3","","3.4","","8.4","","9.6","","0.0","","0.0","","0.0","","0.0","","","","","","<31",""
"-119.60","49.46","PENTICTON A","1126146","2018-10-05","2018","10","05","","10.9","","-1.5","","4.7","","13.3","","0.0","","0.4","","0.0","","0.4","","","","","","<31",""
"-119.60","49.46","PENTICTON A","1126146","2018-10-06","2018","10","06","","14.4","","3.8","","9.1","","8.9","","0.0","","0.0","T","0.0","","0.0","T","","","1","","39",""
"-119.60","49.46","PENTICTON A","1126146","2018-10-07","2018","10","07","","11.4","","1.1","","6.3","","11.7","","0.0","","0.4","","0.0","","0.4","","","","","","<31",""
"-119.60","49.46","PENTICTON A","1126146","2018-10-08","2018","10","08","","10.7","","7.4","","9.1","","8.9","","0.0","","12.0","","0.0","","12.0","","","","","","<31",""
"-119.60","49.46","PENTICTON A","1126146","2018-10-09","2018","10","09","","15.1","","7.2","","11.2","","6.8","","0.0","","6.8","","0.0","","6.8","","","","","","<31",""
"-119.60","49.46","PENTICTON A","1126146","2018-10-10","2018","10","10","","15.7","","4.8","","10.3","","7.7","","0.0","","0.0","","0.0","","0.0","","","","36","","30",""
"-119.60","49.46","PENTICTON A","1126146","2018-10-11","2018","10","11","","12.4","","0.9","","6.7","","11.3","","0.0","","0.0","","0.0","","0.0","","","","","","<31",""
"-119.60","49.46","PENTICTON A","1126146","2018-10-12","2018","10","12","","17.8","","2.4","","10.1","","7.9","","0.0","","0.2","","0.0","","0.2","","","","33","","57",""
"-119.60","49.46","PENTICTON A","1126146","2018-10-13","2018","10","13","","15.7","","3.4","","9.6","","8.4","","0.0","","0.0","","0.0","","0.0","","","","34","","41",""
"-119.60","49.46","PENTICTON A","1126146","2018-10-14","2018","10","14","","13.3","","-2.7","","5.3","","12.7","","0.0","","0.0","","0.0","","0.0","","","","","","<31",""
"-119.60","49.46","PENTICTON A","1126146","2018-10-15","2018","10","15","","13.4","","-1.9","","5.8","","12.2","","0.0","","0.0","","0.0","","0.0","","","","","","<31",""
"-119.60","49.46","PENTICTON A","1126146","2018-10-16","2018","10","16","","13.8","","-1.1","","6.4","","11.6","","0.0","","0.0","","0.0","","0.0","","","","","","<31",""
"-119.60","49.46","PENTICTON A","1126146","2018-10-17","2018","10","17","","14.4","","-2.9","","5.8","","12.2","","0.0","","0.0","","0.0","","0.0","","","","","","<31",""
"-119.60","49.46","PENTICTON A","1126146","2018-10-18","2018","10","18","","15.7","","-1.5","","7.1","","10.9","","0.0","","0.0","","0.0","","0.0","","","","","","<31",""
"-119.60","49.46","PENTICTON A","1126146","2018-10-19","2018","10","19","","15.9","","0.5","","8.2","","9.8","","0.0","","0.0","","0.0","","0.0","","","","","","<31",""
"-119.60","49.46","PENTICTON A","1126146","2018-10-20","2018","10","20","","16.1","","-1.1","","7.5","","10.5","","0.0","","0.0","","0.0","","0.0","","","","","","<31",""
"-119.60","49.46","PENTICTON A","1126146","2018-10-21","2018","10","21","","13.7","","1.5","","7.6","","10.4","","0.0","","0.0","","0.0","","0.0","","","","","","<31",""
"-119.60","49.46","PENTICTON A","1126146","2018-10-22","2018","10","22","","12.6","","0.5","","6.6","","11.4","","0.0","","0.0","","0.0","","0.0","","","","","","<31",""
"-119.60","49.46","PENTICTON A","1126146","2018-10-23","2018","10","23","","12.8","","-1.9","","5.5","","12.5","","0.0","","0.8","","0.0","","0.8","","","","","","<31",""
"-119.60","49.46","PENTICTON A","1126146","2018-10-24","2018","10","24","","16.4","","3.3","","9.9","","8.1","","0.0","","0.0","T","0.0","","0.0","T","","","","","<31",""
"-119.60","49.46","PENTICTON A","1126146","2018-10-25","2018","10","25","","14.8","","10.1","","12.5","","5.5","","0.0","","0.4","","0.0","","0.4","","","","19","","56",""
"-119.60","49.46","PENTICTON A","1126146","2018-10-26","2018","10","26","","14.4","","3.7","","9.1","","8.9","","0.0","","1.0","","0.0","","1.0","","","","21","","54",""
"-119.60","49.46","PENTICTON A","1126146","2018-10-27","2018","10","27","","13.1","","-2.0","","5.6","","12.4","","0.0","","0.6","","0.0","","0.6","","","","","","<31",""
"-119.60","49.46","PENTICTON A","1126146","2018-10-28","2018","10","28","","12.3","","4.3","","8.3","","9.7","","0.0","","4.6","","0.0","","4.6","","","","19","","39",""
"-119.60","49.46","PENTICTON A","1126146","2018-10-29","2018","10","29","","13.8","","2.9","","8.4","","9.6","","0.0","","0.4","","0.0","","0.4","","","","16","","33",""
"-119.60","49.46","PENTICTON A","1126146","2018-10-30","2018","10","30","","12.8","","0.8","","6.8","","11.2","","0.0","","0.0","","0.0","","0.0","","","","19","","35",""
"-119.60","49.46","PENTICTON A","1126146","2018-10-31","2018","10","31","","11.2","","7.0","","9.1","","8.9","","0.0","","7.4","","0.0","","7.4","","","","18","","42",""
"-119.60","49.46","PENTICTON A","1126146","2018-11-01","2018","11","01","","10.9","","6.7","","8.8","","9.2","","0.0","","7.8","","0.0","","7.8","","","","16","","46",""
"-119.60","49.46","PENTICTON A","1126146","2018-11-02","2018","11","02","","16.8","","6.9","","11.9","","6.1","","0.0","","2.2","","0.0","","2.2","","","","20","","50",""
"-119.60","49.46","PENTICTON A","1126146","2018-11-03","2018","11","03","","12.2","","5.7","","9.0","","9.0","","0.0","","3.0","","0.0","","3.0","","","","18","","59",""
"-119.60","49.46","PENTICTON A","1126146","2018-11-04","2018","11","04","","17.0","","4.9","","11.0","","7.0","","0.0","","0.2","","0.0","","0.2","","","","17","","55",""
"-119.60","49.46","PENTICTON A","1126146","2018-11-05","2018","11","05","","11.2","","1.2","","6.2","","11.8","","0.0","","0.0","","0.0","","0.0","","","","3","","42",""
"-119.60","49.46","PENTICTON A","1126146","2018-11-06","2018","11","06","","8.8","","0.2","","4.5","","13.5","","0.0","","4.0","","0.0","","4.0","","","","","M","","M"
"-119.60","49.46","PENTICTON A","1126146","2018-11-07","2018","11","07","","6.7","","-0.9","","2.9","","15.1","","0.0","","0.0","","0.0","","0.0","","","","1","","39",""
"-119.60","49.46","PENTICTON A","1126146","2018-11-08","2018","11","08","","4.5","","-5.6","","-0.6","","18.6","","0.0","","0.0","","0.0","","0.0","","","","","M","","M"
"-119.60","49.46","PENTICTON A","1126146","2018-11-09","2018","11","09","","3.4","","-4.2","","-0.4","","18.4","","0.0","","1.0","","1.2","","2.2","","","","15","","52",""
"-119.60","49.46","PENTICTON A","1126146","2018-11-10","2018","11","10","","8.1","","0.0","","4.1","","13.9","","0.0","","0.2","","0.0","","0.2","","","","","M","","M"
"-119.60","49.46","PENTICTON A","1126146","2018-11-11","2018","11","11","","7.2","","-5.1","","1.1","","16.9","","0.0","","0.0","","0.0","","0.0","","","","8","","35",""
"-119.60","49.46","PENTICTON A","1126146","2018-11-12","2018","11","12","","6.1","","-2.9","","1.6","","16.4","","0.0","","0.0","","0.0","","0.0","","","","17","","37",""
"-119.60","49.46","PENTICTON A","1126146","2018-11-13","2018","11","13","","6.4","","2.1","","4.3","","13.7","","0.0","","0.0","","0.0","","0.0","","","","15","","48",""
"-119.60","49.46","PENTICTON A","1126146","2018-11-14","2018","11","14","","5.0","","1.3","","3.2","","14.8","","0.0","","0.4","","0.0","T","0.4","","","","18","","59",""
"-119.60","49.46","PENTICTON A","1126146","2018-11-15","2018","11","15","","5.4","","0.7","","3.1","","14.9","","0.0","","0.0","","0.0","","0.0","","","","17","","54",""
"-119.60","49.46","PENTICTON A","1126146","2018-11-16","2018","11","16","","10.6","","0.9","","5.8","","12.2","","0.0","","3.2","","0.0","","3.2","","","","16","","32",""
"-119.60","49.46","PENTICTON A","1126146","2018-11-17","2018","11","17","","6.1","","-2.6","","1.8","","16.2","","0.0","","0.0","","0.0","","0.0","","","","","M","","M"
"-119.60","49.46","PENTICTON A","1126146","2018-11-18","2018","11","18","","4.4","","-5.9","","-0.8","","18.8","","0.0","","0.0","","0.0","","0.0","","","","","M","","M"
"-119.60","49.46","PENTICTON A","1126146","2018-11-19","2018","11","19","","4.2","","-5.6","","-0.7","","18.7","","0.0","","0.0","","0.0","","0.0","","","","","M","","M"
"-119.60","49.46","PENTICTON A","1126146","2018-11-20","2018","11","20","","4.4","","-7.5","","-1.6","","19.6","","0.0","","0.0","","0.0","","0.0","","","","","M","","M"
"-119.60","49.46","PENTICTON A","1126146","2018-11-21","2018","11","21","","6.3","","-5.2","","0.6","","17.4","","0.0","","0.0","","0.0","","0.0","","","","13","","37",""
"-119.60","49.46","PENTICTON A","1126146","2018-11-22","2018","11","22","","7.1","","3.9","","5.5","","12.5","","0.0","","0.8","","0.0","","0.8","","","","19","","58",""
"-119.60","49.46","PENTICTON A","1126146","2018-11-23","2018","11","23","","4.5","","0.8","","2.7","","15.3","","0.0","","7.1","","0.0","T","7.2","","","","16","","41",""
"-119.60","49.46","PENTICTON A","1126146","2018-11-24","2018","11","24","","6.3","","-2.3","","2.0","","16.0","","0.0","","0.0","T","0.0","","0.0","T","","","16","","32",""
"-119.60","49.46","PENTICTON A","1126146","2018-11-25","2018","11","25","","6.1","","-2.7","","1.7","","16.3","","0.0","","0.0","T","0.0","","0.0","T","","","14","","35",""
"-119.60","49.46","PENTICTON A","1126146","2018-11-26","2018","11","26","","6.5","","5.2","","5.9","","12.1","","0.0","","0.0","","0.0","","0.0","","","","19","","63",""
"-119.60","49.46","PENTICTON A","1126146","2018-11-27","2018","11","27","","8.1","","5.4","","6.8","","11.2","","0.0","","0.8","","0.0","","0.8","","19","E","19","","63",""
"-119.60","49.46","PENTICTON A","1126146","2018-11-28","2018","11","28","","7.7","","5.6","","6.7","","11.3","","0.0","","0.0","","0.0","","0.0","","","","16","","39",""
"-119.60","49.46","PENTICTON A","1126146","2018-11-29","2018","11","29","","6.2","","3.7","","5.0","","13.0","","0.0","","0.0","T","0.0","","0.0","T","19","E","","M","","M"
"-119.60","49.46","PENTICTON A","1126146","2018-11-30","2018","11","30","","7.7","","2.0","","4.9","","13.1","","0.0","","1.8","","0.0","","1.8","","","","","M","","M"
"-119.60","49.46","PENTICTON A","1126146","2018-12-01","2018","12","01","","6.0","","1.6","","3.8","","14.2","","0.0","","0.0","T","0.0","","0.0","T","","","","M","","M"
"-119.60","49.46","PENTICTON A","1126146","2018-12-02","2018","12","02","","4.6","","1.6","","3.1","","14.9","","0.0","","0.0","","0.0","","0.0","","","","","M","","M"
"-119.60","49.46","PENTICTON A","1126146","2018-12-03","2018","12","03","","5.0","","-2.5","","1.3","","16.7","","0.0","","0.0","","0.0","","0.0","","","","","M","","M"
"-119.60","49.46","PENTICTON A","1126146","2018-12-04","2018","12","04","","1.2","","-8.8","","-3.8","","21.8","","0.0","","0.0","","0.0","","0.0","","","","","M","","M"
"-119.60","49.46","PENTICTON A","1126146","2018-12-05","2018","12","05","","2.0","","-8.2","","-3.1","","21.1","","0.0","","0.0","","0.0","","0.0","","","","","M","","M"
"-119.60","49.46","PENTICTON A","1126146","2018-12-06","2018","12","06","","-0.6","","-10.7","","-5.7","","23.7","","0.0","","0.0","","0.0","","0.0","","","","27","","32",""
"-119.60","49.46","PENTICTON A","1126146","2018-12-07","2018","12","07","","-0.1","","-8.5","","-4.3","","22.3","","0.0","","0.0","","0.0","","0.0","","","","15","","35",""
"-119.60","49.46","PENTICTON A","1126146","2018-12-08","2018","12","08","","1.7","","-0.8","","0.5","","17.5","","0.0","","0.0","","0.0","","0.0","","","","","","","M"
"-119.60","49.46","PENTICTON A","1126146","2018-12-09","2018","12","09","","4.0","","1.1","","2.6","","15.4","","0.0","","0.0","","0.0","T","0.0","T","","","17","","48",""
"-119.60","49.46","PENTICTON A","1126146","2018-12-10","2018","12","10","","3.4","","2.0","","2.7","","15.3","","0.0","","0.0","","0.2","","0.2","","","","18","","45",""
"-119.60","49.46","PENTICTON A","1126146","2018-12-11","2018","12","11","","2.9","","0.4","","1.7","","16.3","","0.0","","1.0","","0.8","","1.8","","1","","19","","65",""
"-119.60","49.46","PENTICTON A","1126146","2018-12-12","2018","12","12","","5.6","","1.0","","3.3","","14.7","","0.0","","0.0","","0.0","","0.0","","","","19","","55",""
"-119.60","49.46","PENTICTON A","1126146","2018-12-13","2018","12","13","","7.9","","5.2","","6.6","","11.4","","0.0","","0.0","","0.0","","0.0","","","","18","","74",""
"-119.60","49.46","PENTICTON A","1126146","2018-12-14","2018","12","14","","7.8","","5.8","","6.8","","11.2","","0.0","","0.0","","0.0","","0.0","","","","20","","71",""
"-119.60","49.46","PENTICTON A","1126146","2018-12-15","2018","12","15","","7.3","","3.0","","5.2","","12.8","","0.0","","0.0","","0.0","","0.0","","","","20","","61",""
"-119.60","49.46","PENTICTON A","1126146","2018-12-16","2018","12","16","","6.3","","3.4","","4.9","","13.1","","0.0","","0.2","","0.0","","0.2","","","","16","","50",""
"-119.60","49.46","PENTICTON A","1126146","2018-12-17","2018","12","17","","7.6","","5.1","","6.4","","11.6","","0.0","","0.6","","0.0","","0.6","","","","19","","72",""
"-119.60","49.46","PENTICTON A","1126146","2018-12-18","2018","12","18","","9.4","","5.8","","7.6","","10.4","","0.0","","0.2","","0.0","","0.2","","","","19","","85",""
"-119.60","49.46","PENTICTON A","1126146","2018-12-19","2018","12","19","","7.6","","4.4","","6.0","","12.0","","0.0","","0.0","","0.0","","0.0","","","","19","","48",""
"-119.60","49.46","PENTICTON A","1126146","2018-12-20","2018","12","20","","8.8","","4.8","","6.8","","11.2","","0.0","","0.4","","0.0","","0.4","","","","21","","68",""
"-119.60","49.46","PENTICTON A","1126146","2018-12-21","2018","12","21","","8.5","","-3.4","","2.6","","15.4","","0.0","","0.0","","0.0","","0.0","","","","25","","48",""
"-119.60","49.46","PENTICTON A","1126146","2018-12-22","2018","12","22","","2.4","","-7.5","","-2.6","","20.6","","0.0","","0.0","","0.0","T","0.0","T","","","17","","45",""
"-119.60","49.46","PENTICTON A","1126146","2018-12-23","2018","12","23","","4.2","","0.8","","2.5","","15.5","","0.0","","0.0","","0.0","T","0.0","T","","","18","","48",""
"-119.60","49.46","PENTICTON A","1126146","2018-12-24","2018","12","24","","4.5","","-1.5","","1.5","","16.5","","0.0","","0.0","","0.0","","0.0","","","","","M","","M"
"-119.60","49.46","PENTICTON A","1126146","2018-12-25","2018","12","25","","4.3","","-0.1","","2.1","","15.9","","0.0","","0.0","","0.0","","0.0","","","","","M","","M"
"-119.60","49.46","PENTICTON A","1126146","2018-12-26","2018","12","26","","0.8","","-0.6","","0.1","","17.9","","0.0","","0.0","","3.2","","2.0","","0","","15","","37",""
"-119.60","49.46","PENTICTON A","1126146","2018-12-27","2018","12","27","","1.2","","-3.5","","-1.2","","19.2","","0.0","","0.0","","0.4","","0.4","","3","E","","M","","M"
"-119.60","49.46","PENTICTON A","1126146","2018-12-28","2018","12","28","","-0.5","","-4.2","","-2.4","","20.4","","0.0","","0.0","","6.8","","4.8","","0","","16","","54",""
"-119.60","49.46","PENTICTON A","1126146","2018-12-29","2018","12","29","","3.2","","-2.9","","0.2","","17.8","","0.0","","0.0","","1.0","","0.4","","9","","19","","65",""
"-119.60","49.46","PENTICTON A","1126146","2018-12-30","2018","12","30","","5.2","","-0.2","","2.5","","15.5","","0.0","","0.2","","0.0","T","0.2","","2","","36","","50",""
"-119.60","49.46","PENTICTON A","1126146","2018-12-31","2018","12","31","","1.1","","-6.4","","-2.7","","20.7","","0.0","","0.0","","0.0","","0.0","","2","","","M","","M"
